# URTH clôtures ajustées (dividendes réinvestis), gelées le 2026-06-12 depuis Yahoo Finance
date,close
2012-01-12,38.475281
2012-01-13,38.475281
2012-01-17,38.475281
2012-01-18,38.475281
2012-01-19,39.607353
2012-01-20,39.607353
2012-01-23,39.607353
2012-01-24,39.507919
2012-01-25,39.507919
2012-01-26,39.507919
2012-01-27,39.507919
2012-01-30,39.507919
2012-01-31,39.507919
2012-02-01,40.509953
2012-02-02,40.509953
2012-02-03,40.976559
2012-02-06,40.976559
2012-02-07,40.976559
2012-02-08,40.976559
2012-02-09,40.976559
2012-02-10,40.976559
2012-02-13,40.976559
2012-02-14,40.976559
2012-02-15,40.976559
2012-02-16,40.976559
2012-02-17,40.976559
2012-02-21,42.070396
2012-02-22,42.070396
2012-02-23,42.070396
2012-02-24,42.070396
2012-02-27,42.070396
2012-02-28,42.070396
2012-02-29,42.070396
2012-03-01,42.070396
2012-03-02,41.672634
2012-03-05,41.672634
2012-03-06,41.672634
2012-03-07,41.672634
2012-03-08,41.359020
2012-03-09,41.511993
2012-03-12,41.511993
2012-03-13,41.511993
2012-03-14,41.871513
2012-03-15,41.871513
2012-03-16,41.871513
2012-03-19,41.871513
2012-03-20,41.871513
2012-03-21,41.871513
2012-03-22,41.871513
2012-03-23,41.871513
2012-03-26,41.871513
2012-03-27,42.582878
2012-03-28,42.139233
2012-03-29,41.894459
2012-03-30,42.055088
2012-04-02,42.055088
2012-04-03,42.055088
2012-04-04,42.055088
2012-04-05,41.496700
2012-04-09,41.160149
2012-04-10,40.517620
2012-04-11,40.892410
2012-04-12,41.527306
2012-04-13,41.527306
2012-04-16,40.915363
2012-04-17,41.741467
2012-04-18,41.741467
2012-04-19,41.741467
2012-04-20,41.741467
2012-04-23,41.741467
2012-04-24,41.741467
2012-04-25,41.741467
2012-04-26,41.741467
2012-04-27,42.223370
2012-04-30,42.223370
2012-05-01,42.353409
2012-05-02,41.948006
2012-05-03,41.948006
2012-05-04,41.948006
2012-05-07,41.068340
2012-05-08,41.068340
2012-05-09,40.311085
2012-05-10,40.311085
2012-05-11,40.311085
2012-05-14,39.745041
2012-05-15,39.745041
2012-05-16,39.745041
2012-05-17,38.918926
2012-05-18,38.582367
2012-05-21,38.582367
2012-05-22,38.582367
2012-05-23,38.368198
2012-05-24,38.368198
2012-05-25,38.368198
2012-05-29,38.368198
2012-05-30,38.796539
2012-05-31,38.620628
2012-06-01,38.620628
2012-06-04,38.620628
2012-06-05,37.733318
2012-06-06,38.521187
2012-06-07,38.521187
2012-06-08,38.521187
2012-06-11,38.521187
2012-06-12,38.521187
2012-06-13,38.521187
2012-06-14,38.521187
2012-06-15,38.521187
2012-06-18,38.521187
2012-06-19,40.272839
2012-06-20,40.165745
2012-06-21,39.467476
2012-06-22,39.467476
2012-06-25,39.467476
2012-06-26,39.467476
2012-06-27,39.467476
2012-06-28,39.467476
2012-06-29,39.467476
2012-07-02,39.467476
2012-07-03,39.467476
2012-07-05,39.467476
2012-07-06,39.467476
2012-07-09,39.801102
2012-07-10,39.801102
2012-07-11,39.801102
2012-07-12,39.801102
2012-07-13,39.801102
2012-07-16,39.801102
2012-07-17,39.801102
2012-07-18,40.289883
2012-07-19,40.289883
2012-07-20,40.289883
2012-07-23,40.289883
2012-07-24,40.289883
2012-07-25,40.289883
2012-07-26,39.964016
2012-07-27,40.305401
2012-07-30,40.778667
2012-07-31,40.778667
2012-08-01,40.778667
2012-08-02,40.569191
2012-08-03,39.886444
2012-08-06,41.182106
2012-08-07,41.182106
2012-08-08,41.438137
2012-08-09,41.438137
2012-08-10,41.438137
2012-08-13,41.438137
2012-08-14,41.438137
2012-08-15,41.438137
2012-08-16,41.438137
2012-08-17,41.764004
2012-08-20,41.764004
2012-08-21,41.764004
2012-08-22,41.818310
2012-08-23,41.717442
2012-08-24,41.717442
2012-08-27,41.888134
2012-08-28,41.888134
2012-08-29,41.888134
2012-08-30,41.438137
2012-08-31,41.632107
2012-09-04,41.632107
2012-09-05,41.608822
2012-09-06,41.608822
2012-09-07,42.904503
2012-09-10,42.788124
2012-09-11,43.028633
2012-09-12,43.121738
2012-09-13,43.998451
2012-09-14,44.215691
2012-09-17,44.037239
2012-09-18,43.920868
2012-09-19,43.920868
2012-09-20,43.920868
2012-09-21,43.975178
2012-09-24,43.975178
2012-09-25,43.975178
2012-09-26,43.098469
2012-09-27,43.494148
2012-09-28,43.494148
2012-10-01,43.494148
2012-10-02,43.494148
2012-10-03,43.269154
2012-10-04,43.269154
2012-10-05,43.269154
2012-10-08,43.587254
2012-10-09,43.145008
2012-10-10,42.749329
2012-10-11,43.036400
2012-10-12,43.036400
2012-10-15,43.036400
2012-10-16,43.036400
2012-10-17,43.036400
2012-10-18,43.587254
2012-10-19,43.587254
2012-10-22,43.587254
2012-10-23,43.587254
2012-10-24,43.587254
2012-10-25,42.516571
2012-10-26,42.516571
2012-10-31,42.516571
2012-11-01,42.951054
2012-11-02,42.958805
2012-11-05,42.958805
2012-11-06,42.788124
2012-11-07,42.788124
2012-11-08,42.788124
2012-11-09,41.717442
2012-11-12,41.717442
2012-11-13,41.554520
2012-11-14,41.120045
2012-11-15,41.120045
2012-11-16,41.120045
2012-11-19,42.082100
2012-11-20,41.942444
2012-11-21,41.942444
2012-11-23,41.942444
2012-11-26,41.942444
2012-11-27,42.788124
2012-11-28,42.788124
2012-11-29,43.245872
2012-11-30,43.245872
2012-12-03,43.013115
2012-12-04,42.819157
2012-12-05,43.346729
2012-12-06,43.145008
2012-12-07,43.284672
2012-12-10,43.284672
2012-12-11,43.284672
2012-12-12,43.284672
2012-12-13,43.284672
2012-12-14,43.284672
2012-12-17,43.874306
2012-12-18,43.928577
2012-12-19,43.928577
2012-12-20,44.266796
2012-12-21,44.266796
2012-12-24,44.266796
2012-12-26,44.266796
2012-12-27,44.007236
2012-12-28,43.928577
2012-12-31,44.133083
2013-01-02,44.243195
2013-01-03,45.257854
2013-01-04,44.699394
2013-01-07,44.439835
2013-01-08,44.337582
2013-01-09,44.337582
2013-01-10,45.006149
2013-01-11,45.242111
2013-01-14,45.242111
2013-01-15,45.249966
2013-01-16,45.249966
2013-01-17,45.249966
2013-01-18,45.312904
2013-01-22,45.312904
2013-01-23,46.303947
2013-01-24,46.303947
2013-01-25,45.949997
2013-01-28,46.162365
2013-01-29,46.272488
2013-01-30,46.272488
2013-01-31,46.209564
2013-02-01,46.768009
2013-02-04,46.406197
2013-02-05,47.334324
2013-02-06,46.689354
2013-02-07,46.689354
2013-02-08,46.775879
2013-02-11,46.720825
2013-02-12,46.555645
2013-02-13,46.650032
2013-02-14,46.650032
2013-02-15,46.650032
2013-02-19,46.893852
2013-02-20,46.917454
2013-02-21,45.879208
2013-02-22,46.311813
2013-02-25,46.335419
2013-02-26,45.745495
2013-02-27,46.366875
2013-02-28,46.500580
2013-03-01,46.366875
2013-03-04,46.146637
2013-03-05,46.917454
2013-03-06,46.775879
2013-03-07,46.878117
2013-03-08,47.397243
2013-03-11,47.153423
2013-03-12,47.082626
2013-03-13,47.059029
2013-03-14,47.641079
2013-03-15,47.703995
2013-03-18,47.389385
2013-03-19,47.137691
2013-03-20,47.169151
2013-03-21,47.177013
2013-03-22,47.428699
2013-03-25,47.247803
2013-03-26,47.483761
2013-03-27,47.483761
2013-03-28,47.483761
2013-04-01,47.192745
2013-04-02,47.727600
2013-04-03,47.066902
2013-04-04,47.546696
2013-04-05,47.271397
2013-04-08,47.271397
2013-04-09,47.869171
2013-04-10,48.459091
2013-04-11,48.986076
2013-04-12,48.655724
2013-04-15,47.420845
2013-04-16,48.254581
2013-04-17,47.011837
2013-04-18,47.114090
2013-04-19,47.114090
2013-04-22,47.114090
2013-04-23,47.656803
2013-04-24,48.160194
2013-04-25,50.354652
2013-04-26,47.979290
2013-04-29,48.215263
2013-04-30,48.765846
2013-05-01,48.286045
2013-05-02,49.277096
2013-05-03,49.552380
2013-05-06,50.047909
2013-05-07,50.165886
2013-05-08,50.370384
2013-05-09,50.968170
2013-05-10,50.850193
2013-05-13,51.038960
2013-05-14,50.126553
2013-05-15,50.126553
2013-05-16,51.762573
2013-05-17,51.046829
2013-05-20,50.677151
2013-05-21,52.006409
2013-05-22,50.590626
2013-05-23,50.590626
2013-05-24,49.237762
2013-05-28,49.591705
2013-05-29,49.395065
2013-05-30,49.395065
2013-05-31,50.032181
2013-06-03,49.143379
2013-06-04,50.496227
2013-06-05,48.954605
2013-06-06,48.954605
2013-06-07,48.805164
2013-06-10,48.978199
2013-06-11,48.333233
2013-06-12,50.354652
2013-06-13,50.354652
2013-06-14,50.354652
2013-06-17,50.802986
2013-06-18,50.802986
2013-06-19,50.732204
2013-06-20,48.962467
2013-06-21,48.883823
2013-06-24,46.406197
2013-06-25,46.406197
2013-06-26,48.923145
2013-06-27,47.861664
2013-06-28,47.861664
2013-07-01,47.861664
2013-07-02,47.822113
2013-07-03,48.454884
2013-07-05,49.040222
2013-07-08,49.040222
2013-07-09,49.040222
2013-07-10,49.040222
2013-07-11,49.688801
2013-07-12,50.305767
2013-07-15,50.005196
2013-07-16,51.215374
2013-07-17,51.017643
2013-07-18,52.069637
2013-07-19,52.069637
2013-07-22,51.041359
2013-07-23,50.614239
2013-07-24,50.503502
2013-07-25,50.859451
2013-07-26,50.630062
2013-07-29,51.840240
2013-07-30,51.840240
2013-07-31,50.645885
2013-08-01,51.318207
2013-08-02,51.318207
2013-08-05,52.449287
2013-08-06,51.824429
2013-08-07,51.373577
2013-08-08,52.694500
2013-08-09,52.694500
2013-08-12,52.401829
2013-08-13,52.401829
2013-08-14,52.520470
2013-08-15,51.555504
2013-08-16,50.226662
2013-08-19,50.226662
2013-08-20,50.226662
2013-08-21,49.831177
2013-08-22,51.049274
2013-08-23,51.049274
2013-08-26,50.954365
2013-08-27,49.079762
2013-08-28,50.289948
2013-08-29,49.277496
2013-08-30,49.791634
2013-09-03,49.791634
2013-09-04,49.791634
2013-09-05,50.630062
2013-09-06,50.883179
2013-09-09,50.606331
2013-09-10,50.606331
2013-09-11,50.606331
2013-09-12,51.334034
2013-09-13,51.057190
2013-09-16,51.254932
2013-09-17,51.436840
2013-09-18,52.955521
2013-09-19,52.591675
2013-09-20,52.797329
2013-09-23,52.591675
2013-09-24,51.871891
2013-09-25,52.828960
2013-09-26,52.828960
2013-09-27,52.520470
2013-09-30,52.591675
2013-10-01,52.196194
2013-10-02,51.729507
2013-10-03,51.278656
2013-10-04,51.523865
2013-10-07,51.199570
2013-10-08,50.637970
2013-10-09,51.294472
2013-10-10,51.286568
2013-10-11,52.346478
2013-10-14,51.776962
2013-10-15,51.492210
2013-10-16,53.137432
2013-10-17,53.540844
2013-10-18,53.643654
2013-10-21,53.445923
2013-10-22,53.896778
2013-10-23,53.461731
2013-10-24,53.699024
2013-10-25,53.865139
2013-10-28,54.213142
2013-10-29,54.268536
2013-10-30,54.023327
2013-10-31,53.928406
2013-11-01,54.047054
2013-11-04,54.276447
2013-11-05,53.983780
2013-11-06,53.580372
2013-11-07,53.675304
2013-11-08,53.034622
2013-11-11,53.034622
2013-11-12,53.034622
2013-11-13,53.801849
2013-11-14,53.786041
2013-11-15,54.015419
2013-11-18,55.138599
2013-11-19,53.786041
2013-11-20,53.817680
2013-11-21,54.766842
2013-11-22,54.964588
2013-11-25,54.410892
2013-11-26,54.339714
2013-11-27,54.426727
2013-11-29,55.027863
2013-12-02,54.228981
2013-12-03,53.857227
2013-12-04,53.833500
2013-12-05,53.556652
2013-12-06,54.157795
2013-12-09,54.236889
2013-12-10,54.141975
2013-12-11,53.532917
2013-12-12,52.836872
2013-12-13,52.971325
2013-12-16,53.691120
2013-12-17,53.485477
2013-12-18,54.355732
2013-12-19,54.307999
2013-12-20,54.307999
2013-12-23,54.928478
2013-12-24,54.514828
2013-12-26,55.318256
2013-12-27,55.079620
2013-12-30,55.541016
2013-12-31,55.898979
2014-01-02,55.326229
2014-01-03,55.326229
2014-01-06,54.856892
2014-01-07,55.541016
2014-01-08,55.405777
2014-01-09,54.848930
2014-01-10,55.509178
2014-01-13,55.286457
2014-01-14,55.198940
2014-01-15,55.700104
2014-01-16,55.684200
2014-01-17,55.580791
2014-01-21,55.803532
2014-01-22,55.851254
2014-01-23,55.095531
2014-01-24,54.180717
2014-01-27,53.862530
2014-01-28,54.323910
2014-01-29,53.719341
2014-01-30,53.910255
2014-01-31,53.600018
2014-02-03,52.549961
2014-02-04,52.804535
2014-02-05,52.717018
2014-02-06,53.623894
2014-02-07,54.212536
2014-02-10,54.172775
2014-02-11,55.079620
2014-02-12,55.190987
2014-02-13,55.334190
2014-02-14,55.485321
2014-02-18,55.620567
2014-02-19,55.652378
2014-02-20,55.803532
2014-02-21,55.803532
2014-02-24,56.352406
2014-02-25,56.089897
2014-02-26,55.843288
2014-02-27,55.525105
2014-02-28,56.431965
2014-03-03,55.684200
2014-03-04,56.400143
2014-03-05,56.591061
2014-03-06,56.949020
2014-03-07,56.877419
2014-03-10,56.503551
2014-03-11,55.922859
2014-03-12,56.050125
2014-03-13,55.533051
2014-03-14,55.278500
2014-03-17,55.278500
2014-03-18,55.485321
2014-03-19,56.185356
2014-03-20,55.938751
2014-03-21,55.676239
2014-03-24,55.461456
2014-03-25,55.891026
2014-03-26,56.352406
2014-03-27,55.644413
2014-03-28,55.596691
2014-03-31,56.630833
2014-04-01,56.686512
2014-04-02,56.837643
2014-04-03,56.280811
2014-04-04,55.914883
2014-04-07,55.437592
2014-04-08,56.193314
2014-04-09,55.970573
2014-04-10,55.906921
2014-04-11,55.525105
2014-04-14,55.747837
2014-04-15,55.286457
2014-04-16,56.185356
2014-04-17,56.591061
2014-04-21,56.320591
2014-04-22,56.718338
2014-04-23,56.718338
2014-04-24,56.742188
2014-04-25,56.455826
2014-04-28,55.875099
2014-04-29,56.988792
2014-04-30,56.280811
2014-05-01,57.402454
2014-05-02,56.710384
2014-05-05,57.060398
2014-05-06,56.964935
2014-05-07,56.527416
2014-05-08,57.267216
2014-05-09,57.076290
2014-05-12,57.195618
2014-05-13,57.116070
2014-05-14,57.426319
2014-05-15,56.933132
2014-05-16,56.527416
2014-05-19,56.527416
2014-05-20,56.861526
2014-05-21,57.235405
2014-05-22,57.124023
2014-05-23,57.171757
2014-05-27,57.529736
2014-05-28,57.871792
2014-05-29,58.030891
2014-05-30,58.070671
2014-06-02,57.911564
2014-06-03,58.269527
2014-06-04,58.293404
2014-06-05,58.484314
2014-06-06,58.882080
2014-06-09,58.953655
2014-06-10,58.651375
2014-06-11,58.539993
2014-06-12,58.070671
2014-06-13,58.182022
2014-06-16,58.205891
2014-06-17,58.357040
2014-06-18,58.635456
2014-06-19,58.937752
2014-06-20,59.017288
2014-06-23,58.913860
2014-06-24,58.547947
2014-06-25,58.597942
2014-06-26,58.767235
2014-06-27,58.767235
2014-06-30,58.823700
2014-07-01,59.355816
2014-07-02,59.541252
2014-07-03,59.767006
2014-07-07,59.291317
2014-07-08,58.557632
2014-07-09,59.049442
2014-07-10,58.468933
2014-07-11,58.710812
2014-07-14,59.033318
2014-07-15,59.105869
2014-07-16,59.420311
2014-07-17,58.573742
2014-07-18,59.299370
2014-07-21,59.170376
2014-07-22,59.315487
2014-07-23,59.533173
2014-07-24,59.573494
2014-07-25,59.291317
2014-07-28,59.065571
2014-07-29,59.122009
2014-07-30,58.904308
2014-07-31,57.856201
2014-08-01,57.630466
2014-08-04,58.017448
2014-08-05,57.227325
2014-08-06,57.041897
2014-08-07,56.808083
2014-08-08,57.170887
2014-08-11,57.428890
2014-08-12,57.267639
2014-08-13,57.622379
2014-08-14,57.993259
2014-08-15,57.880386
2014-08-18,58.509266
2014-08-19,58.662445
2014-08-20,58.726944
2014-08-21,59.194557
2014-08-22,58.662445
2014-08-25,59.146187
2014-08-26,59.396122
2014-08-27,59.388046
2014-08-28,59.283260
2014-08-29,59.460621
2014-09-02,59.041374
2014-09-03,59.476757
2014-09-04,59.597679
2014-09-05,59.218758
2014-09-08,58.984955
2014-09-09,58.807568
2014-09-10,58.993008
2014-09-11,58.614075
2014-09-12,58.589878
2014-09-15,58.428631
2014-09-16,58.855961
2014-09-17,58.501179
2014-09-18,59.154251
2014-09-19,59.154251
2014-09-22,59.073624
2014-09-23,58.227058
2014-09-24,58.468933
2014-09-25,57.920700
2014-09-26,57.840061
2014-09-29,57.622379
2014-09-30,57.549820
2014-10-01,57.114445
2014-10-02,56.574261
2014-10-03,57.025761
2014-10-06,56.775833
2014-10-07,56.042149
2014-10-08,57.307945
2014-10-09,55.695457
2014-10-10,55.235897
2014-10-13,54.679592
2014-10-14,54.300652
2014-10-15,54.365158
2014-10-16,54.195839
2014-10-17,55.163330
2014-10-20,55.469700
2014-10-21,56.469456
2014-10-22,56.066319
2014-10-23,56.687122
2014-10-24,56.525894
2014-10-27,56.566193
2014-10-28,57.428890
2014-10-29,57.259571
2014-10-30,57.275696
2014-10-31,58.041618
2014-11-03,58.162579
2014-11-04,57.912624
2014-11-05,58.186741
2014-11-06,58.202885
2014-11-07,58.194832
2014-11-10,58.339939
2014-11-11,58.605999
2014-11-12,58.468933
2014-11-13,58.275440
2014-11-14,58.533432
2014-11-17,58.678577
2014-11-18,58.831757
2014-11-19,58.452824
2014-11-20,58.605999
2014-11-21,59.154251
2014-11-24,59.154251
2014-11-25,59.186485
2014-11-26,59.250996
2014-11-28,59.081692
2014-12-01,58.960754
2014-12-02,58.864014
2014-12-03,59.202629
2014-12-04,58.944633
2014-12-05,59.170376
2014-12-08,58.799484
2014-12-09,58.654377
2014-12-10,57.848129
2014-12-11,57.888435
2014-12-12,56.993511
2014-12-15,56.566193
2014-12-16,56.074398
2014-12-17,56.837273
2014-12-18,58.465614
2014-12-19,58.652855
2014-12-22,58.897118
2014-12-23,59.059959
2014-12-24,59.328632
2014-12-26,59.401917
2014-12-29,59.230927
2014-12-30,58.880836
2014-12-31,58.343487
2015-01-02,58.335350
2015-01-05,56.967522
2015-01-06,56.210354
2015-01-07,56.780262
2015-01-08,58.042244
2015-01-09,57.488586
2015-01-12,57.382767
2015-01-13,56.975689
2015-01-14,56.943108
2015-01-15,56.552319
2015-01-16,57.309498
2015-01-20,57.602596
2015-01-21,57.496750
2015-01-22,58.213211
2015-01-23,57.838696
2015-01-26,58.563316
2015-01-27,58.392334
2015-01-28,57.578171
2015-01-29,57.439766
2015-01-30,56.886127
2015-02-02,57.887547
2015-02-03,58.367912
2015-02-04,57.985249
2015-02-05,58.628448
2015-02-06,58.473751
2015-02-09,58.050385
2015-02-10,58.612148
2015-02-11,58.612148
2015-02-12,59.182079
2015-02-13,59.434494
2015-02-17,59.963673
2015-02-18,60.216068
2015-02-19,60.045097
2015-02-20,60.419617
2015-02-23,60.558029
2015-02-24,60.948837
2015-02-25,60.891838
2015-02-26,60.688305
2015-02-27,60.688305
2015-03-02,60.826694
2015-03-03,60.492908
2015-03-04,60.313766
2015-03-05,60.240505
2015-03-06,59.450756
2015-03-09,59.760136
2015-03-10,58.555172
2015-03-11,58.620293
2015-03-12,59.255371
2015-03-13,58.937843
2015-03-16,59.638020
2015-03-17,59.475185
2015-03-18,60.517307
2015-03-19,59.996246
2015-03-20,60.908115
2015-03-23,61.136082
2015-03-24,60.908115
2015-03-25,60.419617
2015-03-26,59.711296
2015-03-27,59.752003
2015-03-30,59.922970
2015-03-31,59.817120
2015-04-01,59.572884
2015-04-02,59.971809
2015-04-06,60.728989
2015-04-07,60.346371
2015-04-08,60.517307
2015-04-09,60.460335
2015-04-10,60.997688
2015-04-13,60.655739
2015-04-14,60.891838
2015-04-15,60.932533
2015-04-16,61.054680
2015-04-17,60.403343
2015-04-20,61.062813
2015-04-21,60.834854
2015-04-22,61.038399
2015-04-23,61.307068
2015-04-24,61.567593
2015-04-27,61.502468
2015-04-28,61.608311
2015-04-29,61.168655
2015-04-30,60.883694
2015-05-01,61.103535
2015-05-04,61.738575
2015-05-05,60.948837
2015-05-06,60.663857
2015-05-07,60.891838
2015-05-08,61.722279
2015-05-11,61.616459
2015-05-12,61.274509
2015-05-13,61.657181
2015-05-14,62.113083
2015-05-15,62.267784
2015-05-18,61.746719
2015-05-19,62.870274
2015-05-20,62.365482
2015-05-21,62.536469
2015-05-22,62.422482
2015-05-26,61.518753
2015-05-27,61.966534
2015-05-28,61.616459
2015-05-29,61.144215
2015-06-01,61.421043
2015-06-02,61.632725
2015-06-03,61.518753
2015-06-04,60.908115
2015-06-05,60.842999
2015-06-08,60.435898
2015-06-09,60.501045
2015-06-10,61.421043
2015-06-11,61.486187
2015-06-12,61.062813
2015-06-15,60.728989
2015-06-16,60.875546
2015-06-17,61.070950
2015-06-18,60.973255
2015-06-19,61.372196
2015-06-22,61.445477
2015-06-23,61.543194
2015-06-24,61.030247
2015-06-25,60.936314
2015-06-26,61.158772
2015-06-29,59.510963
2015-06-30,59.486248
2015-07-01,59.972343
2015-07-02,60.095940
2015-07-06,59.321453
2015-07-07,59.527443
2015-07-08,57.912579
2015-07-09,59.049583
2015-07-10,60.153622
2015-07-13,60.211288
2015-07-14,60.730350
2015-07-15,60.738590
2015-07-16,61.216465
2015-07-17,61.199974
2015-07-20,61.043427
2015-07-21,60.911617
2015-07-22,60.590290
2015-07-23,60.804501
2015-07-24,60.054726
2015-07-27,59.469784
2015-07-28,60.532597
2015-07-29,60.845695
2015-07-30,60.928082
2015-07-31,61.051674
2015-08-03,60.853947
2015-08-04,60.804501
2015-08-05,61.035187
2015-08-06,60.384304
2015-08-07,60.483162
2015-08-10,60.952801
2015-08-11,60.606758
2015-08-12,60.104172
2015-08-13,60.054726
2015-08-14,60.112423
2015-08-17,60.260704
2015-08-18,60.334873
2015-08-19,59.659275
2015-08-20,58.242138
2015-08-21,56.487213
2015-08-24,54.336811
2015-08-25,54.691093
2015-08-26,56.099979
2015-08-27,57.558304
2015-08-28,57.574776
2015-08-31,57.039234
2015-09-01,55.341984
2015-09-02,56.215336
2015-09-03,56.124691
2015-09-04,55.111286
2015-09-08,56.783810
2015-09-09,56.025833
2015-09-10,56.141182
2015-09-11,56.099979
2015-09-14,55.992867
2015-09-15,56.536659
2015-09-16,57.113384
2015-09-17,57.121632
2015-09-18,56.157654
2015-09-21,56.108227
2015-09-22,55.185432
2015-09-23,55.201916
2015-09-24,55.210155
2015-09-25,55.663300
2015-09-28,53.751839
2015-09-29,53.570564
2015-09-30,55.012413
2015-10-01,55.061867
2015-10-02,55.506767
2015-10-05,57.072178
2015-10-06,56.948612
2015-10-07,57.442951
2015-10-08,57.533585
2015-10-09,57.690117
2015-10-12,57.665409
2015-10-13,57.113384
2015-10-14,57.302891
2015-10-15,58.242138
2015-10-16,58.242138
2015-10-19,58.135029
2015-10-20,58.209183
2015-10-21,57.681881
2015-10-22,58.546982
2015-10-23,58.950699
2015-10-26,58.901260
2015-10-27,58.810638
2015-10-28,58.958939
2015-10-29,59.387379
2015-10-30,58.843601
2015-11-02,59.329704
2015-11-03,59.510963
2015-11-04,59.280270
2015-11-05,59.502712
2015-11-06,59.140202
2015-11-09,58.522270
2015-11-10,58.637615
2015-11-11,58.571709
2015-11-12,57.846661
2015-11-13,57.442951
2015-11-16,58.316273
2015-11-17,58.382191
2015-11-18,58.925991
2015-11-19,58.950699
2015-11-20,59.181393
2015-11-23,58.818890
2015-11-24,59.082523
2015-11-25,59.066055
2015-11-27,58.884789
2015-11-30,59.008381
2015-12-01,59.370892
2015-12-02,59.066055
2015-12-03,58.505798
2015-12-04,59.379128
2015-12-07,58.925991
2015-12-08,58.365726
2015-12-09,58.027927
2015-12-10,58.060879
2015-12-11,56.956829
2015-12-14,57.121632
2015-12-15,57.624203
2015-12-16,58.316273
2015-12-17,57.681881
2015-12-18,56.923882
2015-12-21,57.172932
2015-12-22,57.731014
2015-12-23,58.638901
2015-12-24,58.305737
2015-12-28,58.372372
2015-12-29,58.972076
2015-12-30,58.314072
2015-12-31,57.972565
2016-01-04,57.139618
2016-01-05,56.739807
2016-01-06,56.081787
2016-01-07,54.265984
2016-01-08,53.982780
2016-01-11,54.066086
2016-01-12,54.374256
2016-01-13,53.233139
2016-01-14,54.157692
2016-01-15,52.425182
2016-01-19,52.741699
2016-01-20,52.050362
2016-01-21,52.225288
2016-01-22,53.466366
2016-01-25,52.650074
2016-01-26,53.591297
2016-01-27,53.141506
2016-01-28,53.366402
2016-01-29,54.432564
2016-02-01,54.465881
2016-02-02,53.341408
2016-02-03,53.716236
2016-02-04,53.774548
2016-02-05,52.758358
2016-02-08,51.983723
2016-02-09,51.483967
2016-02-10,51.542274
2016-02-11,50.992531
2016-02-12,51.750507
2016-02-16,52.916618
2016-02-17,53.741226
2016-02-18,53.732903
2016-02-19,53.566311
2016-02-22,54.149364
2016-02-23,53.433041
2016-02-24,53.582973
2016-02-25,54.249325
2016-02-26,54.207691
2016-02-29,54.116047
2016-03-01,55.382126
2016-03-02,55.632000
2016-03-03,55.948509
2016-03-04,56.473270
2016-03-07,56.273357
2016-03-08,55.632000
2016-03-09,56.056801
2016-03-10,55.840233
2016-03-11,57.156288
2016-03-14,56.939724
2016-03-15,56.798111
2016-03-16,57.206249
2016-03-17,57.547764
2016-03-18,57.572754
2016-03-21,57.597740
2016-03-22,57.647713
2016-03-23,56.948036
2016-03-24,57.031342
2016-03-28,57.197922
2016-03-29,57.755985
2016-03-30,58.105827
2016-03-31,57.780983
2016-04-01,57.639381
2016-04-04,57.489449
2016-04-05,56.698158
2016-04-06,57.547764
2016-04-07,56.748131
2016-04-08,57.431152
2016-04-11,57.181267
2016-04-12,57.822624
2016-04-13,58.697220
2016-04-14,58.730534
2016-04-15,58.547291
2016-04-18,58.922092
2016-04-19,59.538486
2016-04-20,59.696735
2016-04-21,59.221966
2016-04-22,59.463512
2016-04-25,59.097027
2016-04-26,59.213638
2016-04-27,59.363567
2016-04-28,58.772179
2016-04-29,58.397366
2016-05-02,59.171997
2016-05-03,58.372372
2016-05-04,57.689354
2016-05-05,57.747665
2016-05-06,57.689354
2016-05-09,57.972565
2016-05-10,58.605595
2016-05-11,58.064171
2016-05-12,58.197464
2016-05-13,57.506115
2016-05-16,58.414017
2016-05-17,57.647713
2016-05-18,57.764328
2016-05-19,57.531094
2016-05-20,57.855953
2016-05-23,57.822624
2016-05-24,58.472343
2016-05-25,59.038712
2016-05-26,58.905457
2016-05-27,58.997063
2016-05-31,58.872147
2016-06-01,58.963776
2016-06-02,59.022057
2016-06-03,59.271946
2016-06-06,59.438530
2016-06-07,59.705078
2016-06-08,59.996605
2016-06-09,59.488514
2016-06-10,58.464001
2016-06-13,58.089172
2016-06-14,57.631046
2016-06-15,57.780983
2016-06-16,57.864277
2016-06-17,58.005871
2016-06-20,58.847145
2016-06-21,59.038712
2016-06-22,58.953587
2016-06-23,60.226215
2016-06-24,56.863461
2016-06-27,55.590839
2016-06-28,56.678047
2016-06-29,57.925388
2016-06-30,58.431065
2016-07-01,58.591190
2016-07-05,57.900093
2016-07-06,58.034943
2016-07-07,57.900093
2016-07-08,58.793461
2016-07-11,59.206440
2016-07-12,59.897533
2016-07-13,59.973389
2016-07-14,60.226215
2016-07-15,60.049232
2016-07-18,60.184097
2016-07-19,60.099796
2016-07-20,60.276783
2016-07-21,60.226215
2016-07-22,60.369492
2016-07-25,60.310497
2016-07-26,60.420067
2016-07-27,60.234657
2016-07-28,60.512787
2016-07-29,60.858288
2016-08-01,60.588627
2016-08-02,60.327362
2016-08-03,60.175644
2016-08-04,60.327362
2016-08-05,60.757172
2016-08-08,60.892033
2016-08-09,61.161732
2016-08-10,61.010006
2016-08-11,61.498840
2016-08-12,61.465126
2016-08-15,61.633686
2016-08-16,61.456707
2016-08-17,61.515682
2016-08-18,61.684273
2016-08-19,61.465126
2016-08-22,61.355564
2016-08-23,61.667412
2016-08-24,61.397694
2016-08-25,61.111160
2016-08-26,60.984745
2016-08-29,61.304981
2016-08-30,61.170151
2016-08-31,61.060604
2016-09-01,61.220715
2016-09-02,61.583118
2016-09-06,62.012932
2016-09-07,61.962383
2016-09-08,61.844402
2016-09-09,60.344219
2016-09-12,61.060604
2016-09-13,59.922806
2016-09-14,59.905949
2016-09-15,60.276783
2016-09-16,60.091381
2016-09-19,60.175644
2016-09-20,60.007095
2016-09-21,61.102730
2016-09-22,61.481979
2016-09-23,61.085869
2016-09-26,60.521206
2016-09-27,60.866745
2016-09-28,61.262863
2016-09-29,60.723469
2016-09-30,61.237595
2016-10-03,60.951023
2016-10-04,60.900463
2016-10-05,61.153294
2016-10-06,60.875168
2016-10-07,60.672905
2016-10-10,61.035278
2016-10-11,60.217785
2016-10-12,60.175644
2016-10-13,60.007095
2016-10-14,59.948090
2016-10-17,59.846962
2016-10-18,60.369492
2016-10-19,60.521206
2016-10-20,60.495914
2016-10-21,60.386364
2016-10-24,60.538059
2016-10-25,60.487476
2016-10-26,60.251511
2016-10-27,60.133522
2016-10-28,60.116665
2016-10-31,59.939674
2016-11-01,59.686832
2016-11-02,59.265434
2016-11-03,58.978878
2016-11-04,58.785042
2016-11-07,60.032379
2016-11-08,60.116665
2016-11-09,60.420067
2016-11-10,60.428482
2016-11-11,60.200932
2016-11-14,60.125065
2016-11-15,60.394783
2016-11-16,60.158787
2016-11-17,60.580193
2016-11-18,60.293633
2016-11-21,60.765606
2016-11-22,60.774029
2016-11-23,60.748760
2016-11-25,60.951023
2016-11-28,60.807747
2016-11-29,61.094307
2016-11-30,60.942604
2016-12-01,60.748760
2016-12-02,60.849884
2016-12-05,61.077442
2016-12-06,61.389271
2016-12-07,62.265766
2016-12-08,62.392208
2016-12-09,62.535477
2016-12-12,62.501770
2016-12-13,63.032722
2016-12-14,62.392208
2016-12-15,62.543915
2016-12-16,62.307926
2016-12-19,62.493351
2016-12-20,62.746170
2016-12-21,62.599773
2016-12-22,62.403965
2016-12-23,62.642334
2016-12-27,62.599773
2016-12-28,62.276291
2016-12-29,62.412502
2016-12-30,62.208199
2017-01-03,62.787041
2017-01-04,63.323318
2017-01-05,63.536110
2017-01-06,63.663799
2017-01-09,63.348858
2017-01-10,63.442467
2017-01-11,63.485054
2017-01-12,63.612732
2017-01-13,63.791492
2017-01-17,63.612732
2017-01-18,63.451015
2017-01-19,63.391407
2017-01-20,63.536110
2017-01-23,63.553169
2017-01-24,63.927685
2017-01-25,64.412888
2017-01-26,64.370346
2017-01-27,64.319252
2017-01-30,63.902168
2017-01-31,63.936214
2017-02-01,64.046867
2017-02-02,64.063896
2017-02-03,64.344810
2017-02-06,64.200073
2017-02-07,64.174561
2017-02-08,64.285210
2017-02-09,64.523575
2017-02-10,64.685287
2017-02-13,65.000237
2017-02-14,65.230103
2017-02-15,65.357750
2017-02-16,65.519501
2017-02-17,65.451416
2017-02-21,65.715263
2017-02-22,65.774872
2017-02-23,65.715263
2017-02-24,65.715263
2017-02-27,65.757858
2017-02-28,65.613159
2017-03-01,66.311142
2017-03-02,65.885536
2017-03-03,66.106857
2017-03-06,65.894035
2017-03-07,65.681252
2017-03-08,65.476929
2017-03-09,65.553535
2017-03-10,65.928085
2017-03-13,66.200485
2017-03-14,65.672729
2017-03-15,66.396271
2017-03-16,66.651657
2017-03-17,66.498421
2017-03-20,66.421806
2017-03-21,65.706772
2017-03-22,66.072807
2017-03-23,65.877007
2017-03-24,65.970650
2017-03-27,65.919571
2017-03-28,66.447319
2017-03-29,66.387764
2017-03-30,66.523964
2017-03-31,66.285614
2017-04-03,66.260078
2017-04-04,66.157906
2017-04-05,66.047272
2017-04-06,66.081314
2017-04-07,66.106857
2017-04-10,66.123863
2017-04-11,66.243050
2017-04-12,66.047272
2017-04-13,65.528015
2017-04-17,66.013214
2017-04-18,65.766365
2017-04-19,65.706772
2017-04-20,66.106857
2017-04-21,66.038750
2017-04-24,67.145340
2017-04-25,67.562462
2017-04-26,67.460304
2017-04-27,67.409233
2017-04-28,67.400734
2017-05-01,67.605034
2017-05-02,67.639061
2017-05-03,67.579491
2017-05-04,67.800804
2017-05-05,68.166824
2017-05-08,68.047661
2017-05-09,68.013618
2017-05-10,68.047661
2017-05-11,67.902946
2017-05-12,67.954033
2017-05-15,68.396667
2017-05-16,68.566902
2017-05-17,67.477333
2017-05-18,67.596512
2017-05-19,68.175354
2017-05-22,68.643524
2017-05-23,68.515862
2017-05-24,68.822296
2017-05-25,68.847824
2017-05-26,68.847824
2017-05-30,68.949997
2017-05-31,68.805275
2017-06-01,69.341545
2017-06-02,69.682037
2017-06-05,69.460701
2017-06-06,69.316017
2017-06-07,69.350060
2017-06-08,69.384094
2017-06-09,69.264938
2017-06-12,69.137245
2017-06-13,69.520294
2017-06-14,69.341545
2017-06-15,68.967003
2017-06-16,69.358566
2017-06-19,69.792694
2017-06-20,69.184700
2017-06-21,69.064308
2017-06-22,69.064308
2017-06-23,69.287888
2017-06-26,69.356682
2017-06-27,69.064308
2017-06-28,69.571686
2017-06-29,69.055687
2017-06-30,69.081505
2017-07-03,69.115906
2017-07-05,69.167496
2017-07-06,68.720329
2017-07-07,69.021309
2017-07-10,69.141716
2017-07-11,69.176094
2017-07-12,69.623276
2017-07-13,69.872658
2017-07-14,70.233864
2017-07-17,70.087662
2017-07-18,70.233864
2017-07-19,70.569237
2017-07-20,70.749825
2017-07-21,70.457458
2017-07-24,70.423058
2017-07-25,70.689651
2017-07-26,70.861626
2017-07-27,70.629440
2017-07-28,70.715446
2017-07-31,70.758453
2017-08-01,71.171242
2017-08-02,70.999237
2017-08-03,70.964821
2017-08-04,71.050842
2017-08-07,71.136841
2017-08-08,70.870239
2017-08-09,70.827240
2017-08-10,69.821060
2017-08-11,69.717888
2017-08-14,70.414452
2017-08-15,70.302673
2017-08-16,70.543449
2017-08-17,69.614677
2017-08-18,69.640480
2017-08-21,69.614677
2017-08-22,70.259659
2017-08-23,70.130661
2017-08-24,69.975883
2017-08-25,70.165054
2017-08-28,70.173668
2017-08-29,70.199455
2017-08-30,70.259659
2017-08-31,70.818626
2017-09-01,70.878845
2017-09-05,70.457458
2017-09-06,70.706856
2017-09-07,70.999237
2017-09-08,70.930428
2017-09-11,71.618416
2017-09-12,71.747406
2017-09-13,71.695808
2017-09-14,71.781815
2017-09-15,71.842003
2017-09-18,71.902214
2017-09-19,72.022591
2017-09-20,72.151596
2017-09-21,71.885002
2017-09-22,72.100006
2017-09-25,71.833420
2017-09-26,71.773224
2017-09-27,72.117195
2017-09-28,72.031197
2017-09-29,72.314980
2017-10-02,72.598778
2017-10-03,72.684776
2017-10-04,72.787987
2017-10-05,73.045967
2017-10-06,72.865379
2017-10-09,72.762177
2017-10-10,73.114769
2017-10-11,73.355560
2017-10-12,73.312569
2017-10-13,73.493149
2017-10-16,73.527542
2017-10-17,73.536148
2017-10-18,73.587761
2017-10-19,73.604950
2017-10-20,73.751144
2017-10-23,73.690948
2017-10-24,73.673744
2017-10-25,73.286774
2017-10-26,73.407166
2017-10-27,73.673744
2017-10-30,73.630730
2017-10-31,73.854355
2017-11-01,73.862938
2017-11-02,74.026329
2017-11-03,74.000526
2017-11-06,74.284332
2017-11-07,74.129539
2017-11-08,74.370316
2017-11-09,73.940338
2017-11-10,73.923126
2017-11-13,73.776932
2017-11-14,73.613548
2017-11-15,73.321167
2017-11-16,73.940338
2017-11-17,73.768333
2017-11-20,73.880157
2017-11-21,74.344498
2017-11-22,74.378929
2017-11-24,74.714310
2017-11-27,74.507912
2017-11-28,75.075493
2017-11-29,74.894905
2017-11-30,75.299095
2017-12-01,75.170097
2017-12-04,74.980904
2017-12-05,74.808899
2017-12-06,74.791710
2017-12-07,74.972305
2017-12-08,75.316307
2017-12-11,75.436676
2017-12-12,75.686089
2017-12-13,75.677483
2017-12-14,75.496895
2017-12-15,75.634468
2017-12-18,76.356880
2017-12-19,76.213623
2017-12-20,76.109459
2017-12-21,76.309113
2017-12-22,76.474030
2017-12-26,76.387238
2017-12-27,76.491409
2017-12-28,76.630272
2017-12-29,76.482735
2018-01-02,77.064323
2018-01-03,77.524361
2018-01-04,77.871582
2018-01-05,78.487877
2018-01-08,78.296921
2018-01-09,78.479218
2018-01-10,78.296921
2018-01-11,78.843788
2018-01-12,79.555580
2018-01-16,79.416672
2018-01-17,79.894119
2018-01-18,79.746552
2018-01-19,80.111122
2018-01-22,80.666656
2018-01-23,80.927078
2018-01-24,81.083336
2018-01-25,80.970467
2018-01-26,81.656219
2018-01-29,81.135399
2018-01-30,80.310753
2018-01-31,80.449654
2018-02-01,80.440964
2018-02-02,78.748283
2018-02-05,75.432388
2018-02-06,76.838608
2018-02-07,76.300453
2018-02-08,73.809158
2018-02-09,74.781372
2018-02-12,75.632042
2018-02-13,75.762260
2018-02-14,76.977509
2018-02-15,77.680618
2018-02-16,77.854225
2018-02-20,77.255272
2018-02-21,76.777840
2018-02-22,76.986183
2018-02-23,78.071236
2018-02-26,78.809067
2018-02-27,77.663261
2018-02-28,76.942780
2018-03-01,75.927177
2018-03-02,76.170242
2018-03-05,76.960152
2018-03-06,77.168465
2018-03-07,77.194496
2018-03-08,77.472282
2018-03-09,78.366364
2018-03-12,78.444496
2018-03-13,77.897629
2018-03-14,77.776093
2018-03-15,77.697983
2018-03-16,77.706650
2018-03-19,76.847290
2018-03-20,76.899368
2018-03-21,76.899368
2018-03-22,75.189362
2018-03-23,73.991463
2018-03-26,75.658089
2018-03-27,74.512276
2018-03-28,74.616440
2018-03-29,75.632042
2018-04-02,74.034859
2018-04-03,74.755348
2018-04-04,75.319565
2018-04-05,75.927177
2018-04-06,74.790047
2018-04-09,75.215393
2018-04-10,76.300453
2018-04-11,75.927177
2018-04-12,76.413277
2018-04-13,76.213623
2018-04-16,76.708412
2018-04-17,77.420219
2018-04-18,77.593803
2018-04-19,77.151108
2018-04-20,76.621613
2018-04-23,76.569534
2018-04-24,75.875084
2018-04-25,75.823013
2018-04-26,76.569534
2018-04-27,76.560844
2018-04-30,76.196274
2018-05-01,76.213623
2018-05-02,75.805672
2018-05-03,75.909805
2018-05-04,76.456688
2018-05-07,76.717087
2018-05-08,76.647644
2018-05-09,77.194496
2018-05-10,77.828171
2018-05-11,78.001793
2018-05-14,78.192764
2018-05-15,77.593803
2018-05-16,77.836853
2018-05-17,77.915001
2018-05-18,77.663261
2018-05-21,78.123291
2018-05-22,78.036514
2018-05-23,77.741356
2018-05-24,77.593803
2018-05-25,77.368118
2018-05-29,76.274406
2018-05-30,77.246582
2018-05-31,76.699730
2018-06-01,77.533043
2018-06-04,77.810814
2018-06-05,77.802155
2018-06-06,78.513924
2018-06-07,78.262215
2018-06-08,78.548660
2018-06-11,78.756996
2018-06-12,78.722244
2018-06-13,78.513924
2018-06-14,78.583374
2018-06-15,78.444496
2018-06-18,78.088585
2018-06-19,77.713554
2018-06-20,77.818939
2018-06-21,77.362221
2018-06-22,77.731117
2018-06-25,76.712265
2018-06-26,76.817665
2018-06-27,76.150139
2018-06-28,76.562950
2018-06-29,76.817665
2018-07-02,76.668365
2018-07-03,76.369743
2018-07-05,77.168991
2018-07-06,77.775032
2018-07-09,78.310806
2018-07-10,78.609428
2018-07-11,77.634506
2018-07-12,78.345932
2018-07-13,78.512817
2018-07-16,78.337181
2018-07-17,78.583076
2018-07-18,78.802673
2018-07-19,78.433769
2018-07-20,78.662117
2018-07-23,78.670929
2018-07-24,79.022247
2018-07-25,79.637062
2018-07-26,79.505318
2018-07-27,79.110062
2018-07-30,78.872940
2018-07-31,79.127625
2018-08-01,78.899292
2018-08-02,79.074951
2018-08-03,79.294510
2018-08-06,79.373581
2018-08-07,79.698532
2018-08-08,79.742470
2018-08-09,79.452606
2018-08-10,78.556725
2018-08-13,78.302025
2018-08-14,78.583076
2018-08-15,77.871651
2018-08-16,78.416199
2018-08-17,78.697266
2018-08-20,79.031044
2018-08-21,79.399925
2018-08-22,79.505318
2018-08-23,79.285728
2018-08-24,79.672211
2018-08-27,80.427551
2018-08-28,80.366074
2018-08-29,80.805222
2018-08-30,80.418770
2018-08-31,80.032310
2018-09-04,79.716125
2018-09-05,79.320869
2018-09-06,79.162766
2018-09-07,78.767525
2018-09-10,78.978340
2018-09-11,79.268173
2018-09-12,79.452606
2018-09-13,79.970833
2018-09-14,80.023529
2018-09-17,79.742470
2018-09-18,80.190422
2018-09-19,80.497826
2018-09-20,81.253174
2018-09-21,81.244392
2018-09-24,80.919418
2018-09-25,80.840378
2018-09-26,80.875488
2018-09-27,80.840378
2018-09-28,80.629570
2018-10-01,80.919418
2018-10-02,80.568108
2018-10-03,80.708618
2018-10-04,79.812737
2018-10-05,79.496544
2018-10-08,79.153992
2018-10-09,79.013451
2018-10-10,76.975761
2018-10-11,75.429932
2018-10-12,76.273117
2018-10-15,75.825150
2018-10-16,77.353439
2018-10-17,77.160202
2018-10-18,76.062332
2018-10-19,76.167717
2018-10-22,75.983261
2018-10-23,75.350876
2018-10-24,73.146301
2018-10-25,74.323265
2018-10-26,73.295601
2018-10-29,72.953072
2018-10-30,73.998260
2018-10-31,74.876587
2018-11-01,75.596786
2018-11-02,75.342072
2018-11-05,75.684631
2018-11-06,76.035973
2018-11-07,77.414925
2018-11-08,76.923073
2018-11-09,76.483894
2018-11-12,74.920494
2018-11-13,75.113731
2018-11-14,74.665794
2018-11-15,75.236710
2018-11-16,75.412369
2018-11-19,74.446213
2018-11-20,73.111176
2018-11-21,73.734772
2018-11-23,73.146301
2018-11-26,74.042183
2018-11-27,74.165154
2018-11-28,75.798820
2018-11-29,75.570450
2018-11-30,75.719765
2018-12-03,76.721062
2018-12-04,74.384735
2018-12-06,74.147575
2018-12-07,72.821327
2018-12-10,72.672005
2018-12-11,72.592957
2018-12-12,73.374664
2018-12-13,73.225349
2018-12-14,71.969345
2018-12-17,70.845100
2018-12-18,70.872574
2018-12-19,70.075157
2018-12-20,69.056244
2018-12-21,67.798080
2018-12-24,66.486778
2018-12-26,68.666382
2018-12-27,69.348618
2018-12-28,69.455017
2018-12-31,69.933838
2019-01-02,69.942703
2019-01-03,68.772255
2019-01-04,70.864883
2019-01-07,71.192947
2019-01-08,71.893440
2019-01-09,72.389984
2019-01-10,72.718063
2019-01-11,72.505257
2019-01-14,72.239273
2019-01-15,72.895424
2019-01-16,72.966354
2019-01-17,73.489494
2019-01-18,74.296394
2019-01-22,73.276695
2019-01-23,73.445183
2019-01-24,73.587044
2019-01-25,74.340721
2019-01-28,73.790962
2019-01-29,73.915115
2019-01-30,74.828415
2019-01-31,75.333839
2019-02-01,75.307228
2019-02-04,75.759445
2019-02-05,76.176193
2019-02-06,75.972252
2019-02-07,75.191963
2019-02-08,75.121025
2019-02-11,75.112160
2019-02-12,76.069786
2019-02-13,76.247124
2019-02-14,76.140732
2019-02-15,77.089493
2019-02-19,77.275688
2019-02-20,77.497383
2019-02-21,77.266846
2019-02-22,77.701317
2019-02-25,77.869781
2019-02-26,77.958458
2019-02-27,77.763382
2019-02-28,77.577171
2019-03-01,78.091454
2019-03-04,77.754509
2019-03-05,77.754509
2019-03-06,77.346634
2019-03-07,76.584084
2019-03-08,76.468796
2019-03-11,77.470772
2019-03-12,77.621529
2019-03-13,78.242180
2019-03-14,78.100327
2019-03-15,78.694412
2019-03-18,79.004753
2019-03-19,79.031357
2019-03-20,78.871742
2019-03-21,79.430382
2019-03-22,77.878662
2019-03-25,77.887512
2019-03-26,78.410667
2019-03-27,78.135803
2019-03-28,78.304253
2019-03-29,78.729881
2019-04-01,79.643173
2019-04-02,79.669777
2019-04-03,79.980118
2019-04-04,80.051048
2019-04-05,80.352531
2019-04-08,80.441193
2019-04-09,79.980118
2019-04-10,80.263870
2019-04-11,80.228401
2019-04-12,80.751541
2019-04-15,80.733803
2019-04-16,80.795891
2019-04-17,80.751541
2019-04-18,80.875694
2019-04-22,80.884552
2019-04-23,81.310173
2019-04-24,81.026436
2019-04-25,80.964348
2019-04-26,81.336784
2019-04-29,81.469772
2019-04-30,81.655968
2019-05-01,80.964348
2019-05-02,80.831367
2019-05-03,81.691452
2019-05-06,81.168297
2019-05-07,79.793915
2019-05-08,79.767303
2019-05-09,79.412628
2019-05-10,79.758461
2019-05-13,77.967331
2019-05-14,78.658943
2019-05-15,79.137764
2019-05-16,79.767303
2019-05-17,79.359436
2019-05-20,78.800819
2019-05-21,79.439232
2019-05-22,79.208710
2019-05-23,78.286507
2019-05-24,78.712158
2019-05-28,78.038261
2019-05-29,77.453033
2019-05-30,77.701317
2019-05-31,76.929878
2019-06-03,76.734818
2019-06-04,78.268806
2019-06-05,78.667831
2019-06-06,79.004753
2019-06-07,79.997864
2019-06-10,80.405746
2019-06-11,80.290474
2019-06-12,80.121986
2019-06-13,80.254997
2019-06-14,80.024460
2019-06-17,79.992111
2019-06-18,80.908852
2019-06-19,81.268372
2019-06-20,82.032349
2019-06-21,81.789680
2019-06-24,81.816650
2019-06-25,81.142540
2019-06-26,81.142540
2019-06-27,81.367233
2019-06-28,81.807655
2019-07-01,82.373901
2019-07-02,82.634544
2019-07-03,83.209763
2019-07-05,83.003036
2019-07-08,82.598579
2019-07-09,82.508713
2019-07-10,82.913155
2019-07-11,83.101921
2019-07-12,83.344589
2019-07-15,83.299637
2019-07-16,83.047989
2019-07-17,82.751381
2019-07-18,82.904167
2019-07-19,82.571632
2019-07-22,82.814301
2019-07-23,83.344589
2019-07-24,83.632210
2019-07-25,83.003036
2019-07-26,83.632210
2019-07-29,83.542320
2019-07-30,83.003036
2019-07-31,82.562645
2019-08-01,81.645866
2019-08-02,80.998741
2019-08-05,78.922554
2019-08-06,79.614616
2019-08-07,80.055023
2019-08-08,81.178505
2019-08-09,80.738106
2019-08-12,79.713470
2019-08-13,80.809998
2019-08-14,78.554054
2019-08-15,78.733795
2019-08-16,79.542702
2019-08-19,80.351624
2019-08-20,79.911217
2019-08-21,80.630249
2019-08-22,80.387558
2019-08-23,78.661896
2019-08-26,79.488785
2019-08-27,79.308998
2019-08-28,79.614616
2019-08-29,80.549347
2019-08-30,80.747078
2019-09-03,80.252747
2019-09-04,81.205467
2019-09-05,82.122231
2019-09-06,82.257042
2019-09-09,82.284004
2019-09-10,82.490723
2019-09-11,82.760361
2019-09-12,83.200783
2019-09-13,83.182800
2019-09-16,82.949120
2019-09-17,83.227737
2019-09-18,83.281677
2019-09-19,83.380516
2019-09-20,83.030006
2019-09-23,82.886200
2019-09-24,82.391869
2019-09-25,82.625549
2019-09-26,82.670494
2019-09-27,82.310974
2019-09-30,82.490723
2019-10-01,81.627899
2019-10-02,80.010071
2019-10-03,80.801025
2019-10-04,81.600929
2019-10-07,81.555977
2019-10-08,80.387558
2019-10-09,80.872925
2019-10-10,81.582954
2019-10-11,82.643532
2019-10-14,82.499718
2019-10-15,83.326607
2019-10-16,83.146843
2019-10-17,83.641182
2019-10-18,83.272682
2019-10-21,83.767006
2019-10-22,83.398499
2019-10-23,83.802948
2019-10-24,84.027657
2019-10-25,84.234383
2019-10-28,84.575920
2019-10-29,84.674782
2019-10-30,84.989349
2019-10-31,84.593903
2019-11-01,85.483704
2019-11-04,85.762314
2019-11-05,85.789276
2019-11-06,85.816254
2019-11-07,85.978027
2019-11-08,86.067909
2019-11-11,86.013969
2019-11-12,86.148788
2019-11-13,86.103859
2019-11-14,85.987030
2019-11-15,86.715042
2019-11-18,86.634132
2019-11-19,86.706047
2019-11-20,86.292603
2019-11-21,86.076889
2019-11-22,86.256668
2019-11-25,86.939720
2019-11-26,87.011627
2019-11-27,87.496986
2019-11-29,86.966698
2019-12-02,86.418442
2019-12-03,85.933090
2019-12-04,86.517319
2019-12-05,86.625168
2019-12-06,87.272293
2019-12-09,86.957703
2019-12-10,86.921761
2019-12-11,87.317223
2019-12-12,87.856506
2019-12-13,88.251953
2019-12-16,88.964142
2019-12-17,88.701035
2019-12-18,88.646614
2019-12-19,88.945992
2019-12-20,89.372414
2019-12-23,89.345184
2019-12-24,89.390549
2019-12-26,89.726234
2019-12-27,89.880463
2019-12-30,89.209114
2019-12-31,89.617355
2020-01-02,90.297783
2020-01-03,89.535721
2020-01-06,90.043755
2020-01-07,89.807877
2020-01-08,90.061897
2020-01-09,90.579033
2020-01-10,90.216133
2020-01-13,90.796768
2020-01-14,90.615311
2020-01-15,90.742348
2020-01-16,91.468140
2020-01-17,91.776581
2020-01-21,91.295761
2020-01-22,91.459053
2020-01-23,91.386482
2020-01-24,90.778625
2020-01-27,89.227226
2020-01-28,90.052841
2020-01-29,90.080055
2020-01-30,90.216133
2020-01-31,88.664757
2020-02-03,89.145599
2020-02-04,90.733284
2020-02-05,91.576996
2020-02-06,91.903603
2020-02-07,91.295761
2020-02-10,91.758446
2020-02-11,92.184853
2020-02-12,92.647545
2020-02-13,92.348152
2020-02-14,92.466103
2020-02-18,92.202988
2020-02-19,92.565895
2020-02-20,92.175781
2020-02-21,91.531654
2020-02-24,88.356285
2020-02-25,85.988396
2020-02-26,85.734352
2020-02-27,82.531792
2020-02-28,81.352379
2020-03-02,84.582184
2020-03-03,82.676956
2020-03-04,85.825081
2020-03-05,83.221306
2020-03-06,81.923943
2020-03-09,75.137764
2020-03-10,78.521812
2020-03-11,74.611557
2020-03-12,66.827438
2020-03-13,72.243668
2020-03-16,64.024055
2020-03-17,67.653023
2020-03-18,63.887966
2020-03-19,64.368813
2020-03-20,62.264019
2020-03-23,61.139030
2020-03-24,66.700424
2020-03-25,67.897987
2020-03-26,71.690262
2020-03-27,69.512871
2020-03-30,71.336433
2020-03-31,70.701370
2020-04-01,67.498802
2020-04-02,68.886887
2020-04-03,67.834473
2020-04-06,72.116661
2020-04-07,72.243668
2020-04-08,73.967445
2020-04-09,75.319229
2020-04-13,74.684158
2020-04-14,76.562149
2020-04-15,74.829323
2020-04-16,75.028893
2020-04-17,76.997627
2020-04-20,75.899872
2020-04-21,73.813210
2020-04-22,75.273857
2020-04-23,75.237579
2020-04-24,76.072227
2020-04-27,77.215363
2020-04-28,77.260735
2020-04-29,79.302017
2020-04-30,78.349411
2020-05-01,76.326256
2020-05-04,76.480499
2020-05-05,76.897820
2020-05-06,76.389763
2020-05-07,77.396828
2020-05-08,78.939125
2020-05-11,78.984467
2020-05-12,77.505669
2020-05-13,76.299042
2020-05-14,76.661934
2020-05-15,76.997627
2020-05-18,79.483467
2020-05-19,78.630653
2020-05-20,80.073181
2020-05-21,79.329231
2020-05-22,79.347389
2020-05-26,80.826195
2020-05-27,81.996536
2020-05-28,82.150772
2020-05-29,82.286835
2020-06-01,83.157784
2020-06-02,83.901749
2020-06-03,85.235367
2020-06-04,84.908775
2020-06-05,86.850273
2020-06-08,87.911743
2020-06-09,87.095222
2020-06-10,86.777687
2020-06-11,81.851372
2020-06-12,83.039864
2020-06-15,83.707947
2020-06-16,85.100937
2020-06-17,85.018440
2020-06-18,84.954285
2020-06-19,84.523567
2020-06-22,85.220078
2020-06-23,85.595802
2020-06-24,83.387184
2020-06-25,84.441101
2020-06-26,82.626541
2020-06-29,83.625465
2020-06-30,84.441101
2020-07-01,84.917648
2020-07-02,85.559151
2020-07-06,86.878838
2020-07-07,85.971558
2020-07-08,86.704712
2020-07-09,86.127357
2020-07-10,86.997971
2020-07-13,86.219009
2020-07-14,87.410355
2020-07-15,88.326820
2020-07-16,87.923576
2020-07-17,88.207672
2020-07-20,88.895012
2020-07-21,89.069130
2020-07-22,89.499870
2020-07-23,88.491776
2020-07-24,87.941910
2020-07-27,88.785034
2020-07-28,88.207672
2020-07-29,89.234093
2020-07-30,88.702560
2020-07-31,88.574242
2020-08-03,89.527359
2020-08-04,89.948921
2020-08-05,90.498779
2020-08-06,90.874535
2020-08-07,90.590424
2020-08-10,90.856201
2020-08-11,90.480461
2020-08-12,91.955940
2020-08-13,91.864281
2020-08-14,91.616844
2020-08-17,92.230865
2020-08-18,92.349991
2020-08-19,91.928421
2020-08-20,92.120872
2020-08-21,92.185028
2020-08-24,93.101486
2020-08-25,93.394753
2020-08-26,94.247032
2020-08-27,94.127899
2020-08-28,94.686928
2020-08-31,94.357025
2020-09-01,95.163467
2020-09-02,96.263214
2020-09-03,93.330597
2020-09-04,92.698257
2020-09-08,90.544617
2020-09-09,92.203384
2020-09-10,90.847038
2020-09-11,91.085312
2020-09-14,92.295013
2020-09-15,92.844887
2020-09-16,92.542450
2020-09-17,91.983452
2020-09-18,91.195274
2020-09-21,89.673981
2020-09-22,90.278847
2020-09-23,88.482613
2020-09-24,88.684235
2020-09-25,89.774811
2020-09-28,91.222778
2020-09-29,90.920357
2020-09-30,91.204453
2020-10-01,91.763474
2020-10-02,91.094482
2020-10-05,92.725746
2020-10-06,91.616844
2020-10-07,92.890709
2020-10-08,93.578033
2020-10-09,94.302017
2020-10-12,95.493401
2020-10-13,94.916046
2020-10-14,94.329521
2020-10-15,93.935463
2020-10-16,94.045418
2020-10-19,92.918182
2020-10-20,93.339760
2020-10-21,92.964012
2020-10-22,93.339760
2020-10-23,93.788811
2020-10-26,92.065910
2020-10-27,91.607681
2020-10-28,88.610924
2020-10-29,89.371559
2020-10-30,88.464279
2020-11-02,89.499870
2020-11-03,91.415245
2020-11-04,93.138138
2020-11-05,95.108498
2020-11-06,95.236786
2020-11-09,96.675629
2020-11-10,96.895561
2020-11-11,97.573715
2020-11-12,96.565643
2020-11-13,97.766182
2020-11-16,98.911751
2020-11-17,98.645958
2020-11-18,97.802841
2020-11-19,98.398537
2020-11-20,98.114426
2020-11-23,98.481018
2020-11-24,100.038971
2020-11-25,99.956482
2020-11-27,100.405540
2020-11-30,99.837349
2020-12-01,100.918747
2020-12-02,101.019547
2020-12-03,101.102036
2020-12-04,102.110123
2020-12-07,101.734375
2020-12-08,102.064316
2020-12-09,101.431946
2020-12-10,101.523605
2020-12-11,101.239510
2020-12-14,101.233955
2020-12-15,102.332436
2020-12-16,102.572433
2020-12-17,103.366272
2020-12-18,103.052429
2020-12-21,102.350883
2020-12-22,102.277054
2020-12-23,102.581657
2020-12-24,102.867805
2020-12-28,103.477036
2020-12-29,103.513954
2020-12-30,103.652443
2020-12-31,103.763191
2021-01-04,103.043198
2021-01-05,103.837051
2021-01-06,104.464729
2021-01-07,105.664734
2021-01-08,106.440132
2021-01-11,105.461662
2021-01-12,105.757034
2021-01-13,105.923210
2021-01-14,105.840126
2021-01-15,104.815506
2021-01-19,105.664734
2021-01-20,106.910889
2021-01-21,106.892433
2021-01-22,106.477028
2021-01-25,106.726288
2021-01-26,106.578583
2021-01-27,104.021660
2021-01-28,104.741661
2021-01-29,102.913971
2021-02-01,104.464729
2021-02-02,105.784737
2021-02-03,105.923210
2021-02-04,106.846275
2021-02-05,107.261658
2021-02-08,108.101662
2021-02-09,108.397057
2021-02-10,108.286285
2021-02-11,108.655518
2021-02-12,109.181671
2021-02-16,109.440132
2021-02-17,109.255501
2021-02-18,108.683197
2021-02-19,108.683197
2021-02-22,107.972443
2021-02-23,107.963211
2021-02-24,108.821671
2021-02-25,106.504745
2021-02-26,105.480118
2021-03-01,107.889359
2021-03-02,107.473969
2021-03-03,105.987823
2021-03-04,104.713974
2021-03-05,106.200134
2021-03-08,105.673965
2021-03-09,107.317055
2021-03-10,107.926285
2021-03-11,108.932442
2021-03-12,109.024734
2021-03-15,109.504761
2021-03-16,109.652435
2021-03-17,110.040123
2021-03-18,108.507828
2021-03-19,108.544731
2021-03-22,109.015518
2021-03-23,108.000130
2021-03-24,107.409340
2021-03-25,108.027817
2021-03-26,109.384735
2021-03-29,109.237053
2021-03-30,108.997040
2021-03-31,109.375504
2021-04-01,110.566292
2021-04-05,112.080124
2021-04-06,111.803215
2021-04-07,111.867828
2021-04-08,112.643211
2021-04-09,113.132431
2021-04-12,113.058594
2021-04-13,113.640144
2021-04-14,113.252441
2021-04-15,114.470909
2021-04-16,114.867836
2021-04-19,114.397057
2021-04-20,113.270912
2021-04-21,114.249359
2021-04-22,113.464752
2021-04-23,114.664749
2021-04-26,114.886284
2021-04-27,114.803215
2021-04-28,114.877052
2021-04-29,115.246292
2021-04-30,114.101677
2021-05-03,114.701675
2021-05-04,113.593979
2021-05-05,114.046295
2021-05-06,114.932449
2021-05-07,116.058601
2021-05-10,115.024742
2021-05-11,113.824745
2021-05-12,111.544739
2021-05-13,112.790916
2021-05-14,114.600136
2021-05-17,114.193970
2021-05-18,113.843208
2021-05-19,113.224754
2021-05-20,114.618599
2021-05-21,114.627831
2021-05-24,115.661667
2021-05-25,115.440140
2021-05-26,115.606293
2021-05-27,115.707825
2021-05-28,115.938599
2021-06-01,116.058601
2021-06-02,116.261673
2021-06-03,115.781670
2021-06-04,116.843216
2021-06-07,117.037064
2021-06-08,117.046288
2021-06-09,116.843216
2021-06-10,117.305634
2021-06-11,117.640564
2021-06-14,117.845261
2021-06-15,117.612671
2021-06-16,116.989288
2021-06-17,116.793907
2021-06-18,115.007530
2021-06-21,116.561310
2021-06-22,116.989288
2021-06-23,116.691566
2021-06-24,117.621956
2021-06-25,117.929008
2021-06-28,117.863876
2021-06-29,117.956917
2021-06-30,117.761520
2021-07-01,118.217407
2021-07-02,118.943146
2021-07-06,118.608192
2021-07-07,119.045494
2021-07-08,117.715004
2021-07-09,119.296700
2021-07-12,119.808434
2021-07-13,119.185059
2021-07-14,119.464165
2021-07-15,118.812881
2021-07-16,117.947609
2021-07-19,116.133308
2021-07-20,117.612671
2021-07-21,118.896629
2021-07-22,119.082703
2021-07-23,120.199203
2021-07-26,120.273636
2021-07-27,119.854950
2021-07-28,120.068954
2021-07-29,120.692299
2021-07-30,119.864235
2021-08-02,120.050323
2021-08-03,120.841187
2021-08-04,120.459724
2021-08-05,121.194725
2021-08-06,120.999344
2021-08-09,121.017944
2021-08-10,121.157494
2021-08-11,121.594818
2021-08-12,121.846024
2021-08-13,122.218170
2021-08-16,122.180954
2021-08-17,121.250557
2021-08-18,120.255013
2021-08-19,119.808434
2021-08-20,120.673698
2021-08-23,121.818100
2021-08-24,122.059998
2021-08-25,122.255371
2021-08-26,121.604103
2021-08-27,122.655457
2021-08-30,123.018333
2021-08-31,122.832245
2021-09-01,123.232307
2021-09-02,123.623085
2021-09-03,123.790573
2021-09-07,123.474220
2021-09-08,123.083443
2021-09-09,122.664757
2021-09-10,121.966949
2021-09-13,122.385651
2021-09-14,121.799492
2021-09-15,122.534515
2021-09-16,122.357727
2021-09-17,121.101685
2021-09-20,119.054794
2021-09-21,119.259476
2021-09-22,120.310829
2021-09-23,121.706451
2021-09-24,121.492462
2021-09-27,121.241241
2021-09-28,118.654709
2021-09-29,118.645409
2021-09-30,117.659195
2021-10-01,118.617493
2021-10-04,117.240501
2021-10-05,118.180199
2021-10-06,118.412804
2021-10-07,119.408340
2021-10-08,119.278084
2021-10-11,118.645409
2021-10-12,118.440727
2021-10-13,119.110626
2021-10-14,121.008652
2021-10-15,121.883217
2021-10-18,122.059998
2021-10-19,122.915962
2021-10-20,123.297455
2021-10-21,123.418396
2021-10-22,123.502151
2021-10-25,123.846390
2021-10-26,124.013863
2021-10-27,123.399796
2021-10-28,124.544182
2021-10-29,124.525589
2021-11-01,125.055916
2021-11-02,125.316406
2021-11-03,126.181702
2021-11-04,126.460815
2021-11-05,126.870201
2021-11-08,126.953934
2021-11-09,126.572495
2021-11-10,125.325722
2021-11-11,125.595566
2021-11-12,126.563179
2021-11-15,126.460815
2021-11-16,126.767838
2021-11-17,126.432907
2021-11-18,126.739952
2021-11-19,126.181702
2021-11-22,125.530426
2021-11-23,125.539711
2021-11-24,125.632774
2021-11-26,122.813637
2021-11-29,123.892899
2021-11-30,121.976280
2021-12-01,120.534134
2021-12-02,122.246086
2021-12-03,121.324997
2021-12-06,122.581039
2021-12-07,125.139648
2021-12-08,125.567650
2021-12-09,124.488365
2021-12-10,125.214096
2021-12-13,124.122444
2021-12-14,123.129128
2021-12-15,125.003250
2021-12-16,124.403526
2021-12-17,123.082291
2021-12-20,122.051529
2021-12-21,124.019348
2021-12-22,125.115707
2021-12-23,126.015259
2021-12-27,127.402115
2021-12-28,127.270912
2021-12-29,127.355270
2021-12-30,127.174309
2021-12-31,126.874268
2022-01-03,127.558693
2022-01-04,127.558693
2022-01-05,125.421021
2022-01-06,125.186630
2022-01-07,124.877220
2022-01-10,124.361526
2022-01-11,125.655434
2022-01-12,126.208595
2022-01-13,124.680321
2022-01-14,124.699081
2022-01-18,122.458244
2022-01-19,121.576904
2022-01-20,120.442429
2022-01-21,118.314095
2022-01-24,118.229713
2022-01-25,117.057739
2022-01-26,116.654556
2022-01-27,116.035767
2022-01-28,118.079704
2022-01-31,120.311172
2022-02-01,121.295624
2022-02-02,122.308212
2022-02-03,119.673599
2022-02-04,120.217407
2022-02-07,120.067390
2022-02-08,120.929977
2022-02-09,122.777023
2022-02-10,120.864349
2022-02-11,118.736015
2022-02-14,118.239105
2022-02-15,120.292427
2022-02-16,120.508057
2022-02-17,118.173470
2022-02-18,117.292137
2022-02-22,115.895134
2022-02-23,114.216850
2022-02-24,114.779404
2022-02-25,117.460907
2022-02-28,116.804581
2022-03-01,114.910660
2022-03-02,116.804581
2022-03-03,115.548225
2022-03-04,114.001205
2022-03-07,110.588387
2022-03-08,110.213364
2022-03-09,113.607414
2022-03-10,112.913597
2022-03-11,111.479095
2022-03-14,111.038429
2022-03-15,113.138626
2022-03-16,116.101402
2022-03-17,117.320259
2022-03-18,118.829773
2022-03-21,118.707886
2022-03-22,120.086136
2022-03-23,118.595390
2022-03-24,120.058022
2022-03-25,120.423676
2022-03-28,120.958107
2022-03-29,122.833260
2022-03-30,122.055061
2022-03-31,120.161163
2022-04-01,120.770576
2022-04-04,121.633156
2022-04-05,120.020500
2022-04-06,118.707886
2022-04-07,119.223557
2022-04-08,118.876656
2022-04-11,117.095245
2022-04-12,116.560822
2022-04-13,118.032814
2022-04-14,116.832710
2022-04-18,116.438927
2022-04-19,117.892189
2022-04-20,118.060959
2022-04-21,116.298286
2022-04-22,113.429268
2022-04-25,113.701172
2022-04-26,110.644653
2022-04-27,111.057175
2022-04-28,113.448029
2022-04-29,110.091469
2022-05-02,110.485252
2022-05-03,111.075943
2022-05-04,113.944946
2022-05-05,109.791443
2022-05-06,109.078865
2022-05-09,105.544174
2022-05-10,105.787941
2022-05-11,104.390923
2022-05-12,104.353447
2022-05-13,107.034950
2022-05-16,106.716148
2022-05-17,108.881966
2022-05-18,105.047264
2022-05-19,105.000366
2022-05-20,105.309776
2022-05-23,107.119316
2022-05-24,106.350502
2022-05-25,107.138062
2022-05-26,109.013229
2022-05-27,111.263451
2022-05-31,110.579010
2022-06-01,109.707054
2022-06-02,111.929131
2022-06-03,110.082100
2022-06-06,110.475876
2022-06-07,111.394707
2022-06-08,110.119583
2022-06-09,107.553932
2022-06-10,104.499329
2022-06-13,100.480133
2022-06-14,99.978905
2022-06-15,101.633873
2022-06-16,98.588730
2022-06-17,98.673836
2022-06-21,100.725998
2022-06-22,100.395020
2022-06-23,101.019173
2022-06-24,104.083229
2022-06-27,103.827881
2022-06-28,102.068893
2022-06-29,101.889206
2022-06-30,101.075905
2022-07-01,101.908127
2022-07-05,101.473114
2022-07-06,101.718987
2022-07-07,103.279388
2022-07-08,103.317207
2022-07-11,101.823013
2022-07-12,101.302887
2022-07-13,100.971870
2022-07-14,100.234245
2022-07-15,101.936501
2022-07-18,101.614960
2022-07-19,104.376396
2022-07-20,104.660095
2022-07-21,105.785469
2022-07-22,104.915443
2022-07-25,105.274796
2022-07-26,103.875168
2022-07-27,106.551491
2022-07-28,107.724152
2022-07-29,109.294014
2022-08-01,109.114319
2022-08-02,108.159172
2022-08-03,109.530426
2022-08-04,109.700653
2022-08-05,109.360207
2022-08-08,109.322372
2022-08-09,108.773872
2022-08-10,111.185394
2022-08-11,111.213760
2022-08-12,112.755257
2022-08-15,112.878197
2022-08-16,113.105156
2022-08-17,112.216202
2022-08-18,112.225647
2022-08-19,110.722008
2022-08-22,108.499619
2022-08-23,108.499619
2022-08-24,108.802254
2022-08-25,110.220787
2022-08-26,106.778465
2022-08-29,106.182655
2022-08-30,105.104576
2022-08-31,104.291275
2022-09-01,103.988647
2022-09-02,103.061874
2022-09-06,102.617393
2022-09-07,104.196709
2022-09-08,104.735748
2022-09-09,106.768990
2022-09-12,108.007858
2022-09-13,103.591461
2022-09-14,103.998116
2022-09-15,102.938942
2022-09-16,102.144547
2022-09-19,102.740349
2022-09-20,101.482559
2022-09-21,99.855965
2022-09-22,99.023758
2022-09-23,96.829750
2022-09-26,95.657089
2022-09-27,95.401749
2022-09-28,97.359314
2022-09-29,95.675995
2022-09-30,94.522240
2022-10-03,96.839195
2022-10-04,100.139671
2022-10-05,99.761391
2022-10-06,98.531990
2022-10-07,96.035362
2022-10-10,95.430115
2022-10-11,94.616814
2022-10-12,94.323647
2022-10-13,96.754082
2022-10-14,94.531700
2022-10-17,96.962135
2022-10-18,98.002396
2022-10-19,97.170189
2022-10-20,96.536575
2022-10-21,98.617104
2022-10-24,99.364197
2022-10-25,101.246140
2022-10-26,101.000267
2022-10-27,100.480133
2022-10-28,102.399879
2022-10-31,101.586586
2022-11-01,101.605507
2022-11-02,99.269638
2022-11-03,98.295563
2022-11-04,100.357178
2022-11-07,101.123192
2022-11-08,101.851379
2022-11-09,99.922165
2022-11-10,105.435570
2022-11-11,106.882484
2022-11-14,105.813843
2022-11-15,106.731178
2022-11-16,106.040817
2022-11-17,105.766556
2022-11-18,106.163757
2022-11-21,105.530136
2022-11-22,107.033798
2022-11-23,107.856552
2022-11-25,107.998405
2022-11-28,106.400185
2022-11-29,106.305603
2022-11-30,109.171066
2022-12-01,109.530426
2022-12-02,109.407501
2022-12-05,107.459351
2022-12-06,106.211029
2022-12-07,106.078636
2022-12-08,106.844658
2022-12-09,106.296158
2022-12-12,107.374245
2022-12-13,108.468842
2022-12-14,107.963928
2022-12-15,105.201256
2022-12-16,104.096169
2022-12-19,103.353096
2022-12-20,103.610329
2022-12-21,105.039291
2022-12-22,103.734161
2022-12-23,104.258125
2022-12-27,104.010437
2022-12-28,102.762459
2022-12-29,104.543907
2022-12-30,104.077118
2023-01-03,103.934227
2023-01-04,104.953560
2023-01-05,103.724632
2023-01-06,106.172951
2023-01-09,106.296799
2023-01-10,106.877914
2023-01-11,108.040146
2023-01-12,108.878479
2023-01-13,109.364326
2023-01-17,109.354805
2023-01-18,108.097305
2023-01-19,107.411407
2023-01-20,109.135704
2023-01-23,110.221710
2023-01-24,110.116928
2023-01-25,110.336029
2023-01-26,111.250565
2023-01-27,111.412529
2023-01-30,110.155029
2023-01-31,111.469688
2023-02-01,112.641449
2023-02-02,113.775108
2023-02-03,112.574768
2023-02-06,111.745964
2023-02-07,113.032036
2023-02-08,111.965073
2023-02-09,111.288681
2023-02-10,111.298218
2023-02-13,112.536652
2023-02-14,112.679558
2023-02-15,112.841499
2023-02-16,111.612595
2023-02-17,111.345848
2023-02-21,109.440536
2023-02-22,109.192848
2023-02-23,109.716805
2023-02-24,108.268776
2023-02-27,108.945168
2023-02-28,108.583153
2023-03-01,108.440262
2023-03-02,109.059486
2023-03-03,110.764709
2023-03-06,110.717102
2023-03-07,108.964211
2023-03-08,109.221436
2023-03-09,107.506653
2023-03-10,105.982414
2023-03-13,105.677574
2023-03-14,107.287552
2023-03-15,105.782364
2023-03-16,107.544777
2023-03-17,106.277748
2023-03-20,107.439972
2023-03-21,108.973747
2023-03-22,107.563828
2023-03-23,107.735291
2023-03-24,108.049675
2023-03-27,108.564102
2023-03-28,108.478363
2023-03-29,109.945457
2023-03-30,110.745682
2023-03-31,112.098434
2023-04-03,112.622391
2023-04-04,112.193703
2023-04-05,111.707848
2023-04-06,112.107964
2023-04-10,112.212761
2023-04-11,112.355652
2023-04-12,112.260391
2023-04-13,113.765579
2023-04-14,113.498833
2023-04-17,113.660789
2023-04-18,113.956108
2023-04-19,113.784630
2023-04-20,113.336891
2023-04-21,113.575058
2023-04-24,113.708427
2023-04-25,111.926949
2023-04-26,111.564957
2023-04-27,113.536942
2023-04-28,114.118065
2023-05-01,114.003738
2023-05-02,112.765297
2023-05-03,112.279442
2023-05-04,111.736443
2023-05-05,113.698891
2023-05-08,113.746521
2023-05-09,113.279732
2023-05-10,113.556000
2023-05-11,113.289246
2023-05-12,113.127296
2023-05-15,113.803680
2023-05-16,112.822456
2023-05-17,113.898949
2023-05-18,114.632500
2023-05-19,114.689651
2023-05-22,114.765862
2023-05-23,113.394035
2023-05-24,112.327080
2023-05-25,112.803398
2023-05-26,114.232384
2023-05-30,113.860840
2023-05-31,112.984406
2023-06-01,114.346695
2023-06-02,116.061470
2023-06-05,115.708992
2023-06-06,116.204376
2023-06-07,115.579155
2023-06-08,116.339027
2023-06-09,116.473686
2023-06-12,117.377861
2023-06-13,118.262779
2023-06-14,118.484016
2023-06-15,119.946060
2023-06-16,119.551704
2023-06-20,118.541733
2023-06-21,118.224312
2023-06-22,118.205063
2023-06-23,117.147011
2023-06-26,116.906540
2023-06-27,118.118507
2023-06-28,118.137733
2023-06-29,118.484016
2023-06-30,119.772919
2023-07-03,120.042259
2023-07-05,119.426659
2023-07-06,118.089638
2023-07-07,118.185837
2023-07-10,118.551338
2023-07-11,119.445900
2023-07-12,120.744431
2023-07-13,122.139160
2023-07-14,121.812111
2023-07-17,122.081436
2023-07-18,123.052933
2023-07-19,123.216454
2023-07-20,122.475815
2023-07-21,122.543144
2023-07-24,122.725891
2023-07-25,123.043312
2023-07-26,123.129875
2023-07-27,122.370003
2023-07-28,123.543495
2023-07-31,123.639671
2023-08-01,123.033699
2023-08-02,121.100319
2023-08-03,120.734810
2023-08-04,120.446251
2023-08-07,121.475456
2023-08-08,120.859856
2023-08-09,120.244247
2023-08-10,120.398155
2023-08-11,120.109589
2023-08-14,120.398155
2023-08-15,118.964958
2023-08-16,118.022308
2023-08-17,117.204712
2023-08-18,117.175865
2023-08-21,117.897270
2023-08-22,117.550995
2023-08-23,118.801445
2023-08-24,117.223953
2023-08-25,118.022308
2023-08-28,118.926483
2023-08-29,120.619385
2023-08-30,121.090691
2023-08-31,120.907936
2023-09-01,121.109947
2023-09-05,120.436630
2023-09-06,119.705589
2023-09-07,119.359322
2023-09-08,119.388184
2023-09-11,120.321205
2023-09-12,119.734467
2023-09-13,119.772919
2023-09-14,120.927193
2023-09-15,119.869125
2023-09-18,119.772919
2023-09-19,119.599792
2023-09-20,118.724487
2023-09-21,116.733398
2023-09-22,116.550636
2023-09-25,116.762260
2023-09-26,115.107826
2023-09-27,115.021263
2023-09-28,115.925415
2023-09-29,115.588768
2023-10-02,114.953934
2023-10-03,113.443787
2023-10-04,114.107475
2023-10-05,114.347946
2023-10-06,115.665710
2023-10-09,116.185135
2023-10-10,117.137383
2023-10-11,117.656807
2023-10-12,116.752632
2023-10-13,116.079315
2023-10-16,117.204712
2023-10-17,117.195099
2023-10-18,115.482948
2023-10-19,114.444130
2023-10-20,113.164841
2023-10-23,113.020561
2023-10-24,113.790062
2023-10-25,112.318382
2023-10-26,111.173744
2023-10-27,110.625481
2023-10-30,111.991341
2023-10-31,112.645424
2023-11-01,113.809296
2023-11-02,116.117805
2023-11-03,117.281662
2023-11-06,117.243202
2023-11-07,117.339378
2023-11-08,117.368240
2023-11-09,116.685303
2023-11-10,118.156967
2023-11-13,118.195457
2023-11-14,120.677094
2023-11-15,120.869476
2023-11-16,120.869476
2023-11-17,121.485077
2023-11-20,122.225723
2023-11-21,121.966019
2023-11-22,122.379616
2023-11-24,122.658562
2023-11-27,122.456573
2023-11-28,122.552757
2023-11-29,122.571991
2023-11-30,122.908646
2023-12-01,123.851280
2023-12-04,123.158737
2023-12-05,122.966362
2023-12-06,122.677803
2023-12-07,123.562737
2023-12-08,124.005188
2023-12-11,124.476509
2023-12-12,124.803543
2023-12-13,126.650352
2023-12-14,127.314034
2023-12-15,126.919685
2023-12-18,127.506416
2023-12-19,128.391342
2023-12-20,126.683540
2023-12-21,128.167328
2023-12-22,128.429153
2023-12-26,128.962555
2023-12-27,129.331085
2023-12-28,129.253494
2023-12-29,129.001328
2024-01-02,127.924881
2024-01-03,126.896912
2024-01-04,126.751427
2024-01-05,126.906593
2024-01-08,128.584335
2024-01-09,128.070328
2024-01-10,128.817093
2024-01-11,128.807404
2024-01-12,128.914062
2024-01-16,128.021851
2024-01-17,127.187828
2024-01-18,128.254608
2024-01-19,129.592926
2024-01-22,129.893555
2024-01-23,130.058411
2024-01-24,130.359039
2024-01-25,130.873032
2024-01-26,130.989410
2024-01-29,131.997986
2024-01-30,131.881638
2024-01-31,130.145706
2024-02-01,131.648880
2024-02-02,132.327728
2024-02-05,131.736130
2024-02-06,132.250137
2024-02-07,133.006577
2024-02-08,133.084152
2024-02-09,133.733902
2024-02-12,133.830887
2024-02-13,131.823425
2024-02-14,133.229630
2024-02-15,134.364273
2024-02-16,133.869675
2024-02-20,133.452682
2024-02-21,133.539963
2024-02-22,135.945038
2024-02-23,136.090500
2024-02-26,135.566818
2024-02-27,135.915924
2024-02-28,135.489243
2024-02-29,136.041992
2024-03-01,137.263931
2024-03-04,137.099075
2024-03-05,136.032333
2024-03-06,137.050613
2024-03-07,138.524689
2024-03-08,137.787628
2024-03-11,137.389999
2024-03-12,138.835022
2024-03-13,138.708923
2024-03-14,138.097961
2024-03-15,137.457916
2024-03-18,137.874908
2024-03-19,138.553772
2024-03-20,139.853287
2024-03-21,140.299393
2024-03-22,140.037552
2024-03-25,139.649612
2024-03-26,139.465378
2024-03-27,140.532135
2024-03-28,140.532135
2024-04-01,140.134521
2024-04-02,139.164734
2024-04-03,139.581726
2024-04-04,138.000977
2024-04-05,139.222916
2024-04-08,139.378082
2024-04-09,139.484772
2024-04-10,137.942810
2024-04-11,138.893188
2024-04-12,136.730560
2024-04-15,135.334061
2024-04-16,134.781296
2024-04-17,134.335190
2024-04-18,133.937576
2024-04-19,133.161743
2024-04-22,134.325485
2024-04-23,135.828659
2024-04-24,135.721985
2024-04-25,135.237076
2024-04-26,136.546295
2024-04-29,136.963318
2024-04-30,134.965546
2024-05-01,134.412781
2024-05-02,135.848068
2024-05-03,137.496689
2024-05-06,138.844696
2024-05-07,138.990173
2024-05-08,138.980469
2024-05-09,139.785385
2024-05-10,140.018158
2024-05-13,139.930862
2024-05-14,140.755203
2024-05-15,142.365036
2024-05-16,142.015900
2024-05-17,142.297165
2024-05-20,142.345642
2024-05-21,142.578400
2024-05-22,141.889847
2024-05-23,140.910355
2024-05-24,141.889847
2024-05-28,141.918930
2024-05-29,140.444870
2024-05-30,140.260590
2024-05-31,141.307968
2024-06-03,141.647400
2024-06-04,141.618301
2024-06-05,143.102081
2024-06-06,143.189346
2024-06-07,142.588089
2024-06-10,142.908127
2024-06-11,142.711609
2024-06-12,144.041260
2024-06-13,143.728394
2024-06-14,143.307999
2024-06-17,144.178131
2024-06-18,144.657181
2024-06-20,144.422531
2024-06-21,143.943481
2024-06-24,143.982590
2024-06-25,144.481216
2024-06-26,144.402985
2024-06-27,144.442108
2024-06-28,144.197678
2024-07-01,144.510529
2024-07-02,145.263351
2024-07-03,146.250793
2024-07-05,147.140488
2024-07-08,146.984055
2024-07-09,147.072037
2024-07-10,148.626572
2024-07-11,147.893311
2024-07-12,148.998077
2024-07-15,149.007843
2024-07-16,149.877991
2024-07-17,148.215942
2024-07-18,146.886292
2024-07-19,145.849945
2024-07-22,147.404465
2024-07-23,146.935181
2024-07-24,143.943481
2024-07-25,143.229782
2024-07-26,144.823410
2024-07-29,144.774521
2024-07-30,144.363876
2024-07-31,146.622330
2024-08-01,144.021683
2024-08-02,141.391739
2024-08-05,137.539688
2024-08-06,138.595581
2024-08-07,138.028534
2024-08-08,140.961563
2024-08-09,141.792587
2024-08-12,141.665497
2024-08-13,144.129242
2024-08-14,144.569183
2024-08-15,146.739639
2024-08-16,147.345810
2024-08-19,148.822098
2024-08-20,148.607010
2024-08-21,149.457581
2024-08-22,148.108383
2024-08-23,150.366821
2024-08-26,149.936646
2024-08-27,150.161514
2024-08-28,149.447815
2024-08-29,149.545578
2024-08-30,150.738327
2024-09-03,147.639099
2024-09-04,147.355576
2024-09-05,146.837402
2024-09-06,144.451889
2024-09-09,145.996628
2024-09-10,146.397461
2024-09-11,147.834656
2024-09-12,148.958969
2024-09-13,149.721558
2024-09-16,150.239731
2024-09-17,149.995316
2024-09-18,149.594452
2024-09-19,152.185318
2024-09-20,151.647583
2024-09-23,152.107086
2024-09-24,152.586166
2024-09-25,152.204849
2024-09-26,153.593155
2024-09-27,153.123886
2024-09-30,153.407410
2024-10-01,152.136414
2024-10-02,152.155991
2024-10-03,151.579147
2024-10-04,152.850128
2024-10-07,151.540039
2024-10-08,152.586166
2024-10-09,153.397629
2024-10-10,153.143433
2024-10-11,154.023346
2024-10-14,155.001022
2024-10-15,153.466064
2024-10-16,154.091782
2024-10-17,154.179764
2024-10-18,154.864136
2024-10-21,154.189545
2024-10-22,153.945129
2024-10-23,152.410172
2024-10-24,152.908783
2024-10-25,152.664352
2024-10-28,153.338959
2024-10-29,153.338959
2024-10-30,152.781708
2024-10-31,150.298370
2024-11-01,150.904541
2024-11-04,150.699234
2024-11-05,152.478622
2024-11-06,154.825043
2024-11-07,156.340439
2024-11-08,156.311111
2024-11-11,156.672836
2024-11-12,155.626724
2024-11-13,155.421417
2024-11-14,154.776154
2024-11-15,153.162994
2024-11-18,153.876694
2024-11-19,154.326431
2024-11-20,154.238419
2024-11-21,155.030350
2024-11-22,155.704941
2024-11-25,156.193787
2024-11-26,156.477310
2024-11-27,156.281784
2024-11-29,157.542969
2024-12-02,157.943832
2024-12-03,158.110031
2024-12-04,159.029068
2024-12-05,159.038818
2024-12-06,159.312576
2024-12-09,158.403336
2024-12-10,157.728745
2024-12-11,158.960602
2024-12-12,157.934036
2024-12-13,157.748306
2024-12-16,158.090485
2024-12-17,157.502792
2024-12-18,152.954910
2024-12-19,152.738342
2024-12-20,153.919617
2024-12-23,154.943375
2024-12-24,156.291992
2024-12-26,156.577454
2024-12-27,155.140259
2024-12-30,153.683350
2024-12-31,153.073029
2025-01-02,152.777710
2025-01-03,154.529922
2025-01-06,155.297745
2025-01-07,153.968826
2025-01-08,153.988510
2025-01-10,151.842529
2025-01-13,151.822845
2025-01-14,152.019730
2025-01-15,154.657898
2025-01-16,154.687424
2025-01-17,155.927765
2025-01-21,157.768585
2025-01-22,158.378906
2025-01-23,159.343597
2025-01-24,159.215652
2025-01-27,157.483093
2025-01-28,158.418274
2025-01-29,157.906403
2025-01-30,159.028610
2025-01-31,158.152496
2025-02-03,156.882614
2025-02-04,158.132797
2025-02-05,159.028610
2025-02-06,159.530640
2025-02-07,158.093430
2025-02-10,159.156570
2025-02-11,159.442062
2025-02-12,159.304230
2025-02-13,160.997406
2025-02-14,161.007233
2025-02-18,161.528946
2025-02-19,161.469894
2025-02-20,161.154892
2025-02-21,158.762817
2025-02-24,158.122955
2025-02-25,157.906403
2025-02-26,158.004837
2025-02-27,155.593063
2025-02-28,157.502792
2025-03-03,155.819473
2025-03-04,154.510254
2025-03-05,156.754669
2025-03-06,154.047577
2025-03-07,155.179626
2025-03-10,150.946732
2025-03-11,150.050934
2025-03-12,150.808929
2025-03-13,148.879532
2025-03-14,152.049271
2025-03-17,153.437241
2025-03-18,152.118164
2025-03-19,153.496307
2025-03-20,152.905685
2025-03-21,152.807236
2025-03-24,154.963058
2025-03-25,155.317444
2025-03-26,153.545532
2025-03-27,153.151779
2025-03-28,150.493927
2025-03-31,150.789230
2025-04-01,151.202682
2025-04-02,152.216614
2025-04-03,145.965714
2025-04-04,137.076660
2025-04-07,135.856003
2025-04-08,134.172699
2025-04-09,146.162598
2025-04-10,141.850967
2025-04-11,144.626938
2025-04-14,145.955872
2025-04-15,146.133057
2025-04-16,143.760666
2025-04-17,144.380844
2025-04-21,141.732834
2025-04-22,145.079758
2025-04-23,146.891037
2025-04-24,149.726089
2025-04-25,150.661270
2025-04-28,151.055023
2025-04-29,151.773621
2025-04-30,151.872070
2025-05-01,152.364273
2025-05-02,154.756348
2025-05-05,154.185410
2025-05-06,153.279755
2025-05-07,153.594757
2025-05-08,154.175552
2025-05-09,154.333054
2025-05-12,158.122955
2025-05-13,159.097504
2025-05-14,159.097504
2025-05-15,159.973618
2025-05-16,160.958008
2025-05-19,161.371460
2025-05-20,161.204102
2025-05-21,159.087662
2025-05-22,158.969543
2025-05-23,158.447815
2025-05-27,161.273010
2025-05-28,160.229568
2025-05-29,160.800522
2025-05-30,160.761139
2025-06-02,161.883331
2025-06-03,162.346008
2025-06-04,162.542892
2025-06-05,161.873489
2025-06-06,163.261505
2025-06-09,163.340240
2025-06-10,163.950562
2025-06-11,163.576492
2025-06-12,164.364014
2025-06-13,162.424759
2025-06-16,163.834366
2025-06-17,162.326553
2025-06-18,162.366226
2025-06-20,161.711533
2025-06-23,163.169739
2025-06-24,165.074326
2025-06-25,164.786652
2025-06-26,166.353973
2025-06-27,167.236816
2025-06-30,168.020493
2025-07-01,167.792328
2025-07-02,168.506546
2025-07-03,169.498520
2025-07-07,168.109756
2025-07-08,168.199036
2025-07-09,169.329880
2025-07-10,169.657242
2025-07-11,168.744629
2025-07-14,169.091827
2025-07-15,168.109756
2025-07-16,168.635513
2025-07-17,169.577881
2025-07-18,169.439011
2025-07-21,169.845718
2025-07-22,170.143311
2025-07-23,172.097504
2025-07-24,171.958633
2025-07-25,172.355408
2025-07-28,171.611435
2025-07-29,171.244400
2025-07-30,170.758331
2025-07-31,169.726685
2025-08-01,167.603867
2025-08-04,170.044113
2025-08-05,169.468765
2025-08-06,170.807938
2025-08-07,170.966660
2025-08-08,172.236374
2025-08-11,171.710632
2025-08-12,173.714401
2025-08-13,174.359207
2025-08-14,174.190567
2025-08-15,174.309601
2025-08-18,174.111206
2025-08-19,173.387054
2025-08-20,173.268021
2025-08-21,172.563736
2025-08-22,175.142853
2025-08-25,174.081451
2025-08-26,174.527832
2025-08-27,174.795670
2025-08-28,175.499969
2025-08-29,174.468323
2025-09-02,173.148987
2025-09-03,173.793762
2025-09-04,175.242050
2025-09-05,175.013885
2025-09-08,175.837234
2025-09-09,176.134827
2025-09-10,176.432419
2025-09-11,178.029495
2025-09-12,177.811264
2025-09-15,178.733795
2025-09-16,178.565155
2025-09-17,178.118774
2025-09-18,179.051224
2025-09-19,179.586884
2025-09-22,180.251526
2025-09-23,179.517456
2025-09-24,178.713959
2025-09-25,177.900543
2025-09-26,178.852844
2025-09-29,179.477768
2025-09-30,180.102722
2025-10-01,180.896301
2025-10-02,181.174057
2025-10-03,181.541077
2025-10-06,182.136276
2025-10-07,181.154205
2025-10-08,182.046997
2025-10-09,181.203812
2025-10-10,176.769684
2025-10-13,179.200027
2025-10-14,179.319061
2025-10-15,180.053116
2025-10-16,179.428192
2025-10-17,180.182083
2025-10-20,181.769241
2025-10-21,181.392288
2025-10-22,180.529282
2025-10-23,181.689880
2025-10-24,182.810806
2025-10-27,184.764999
2025-10-28,185.141953
2025-10-29,184.715408
2025-10-30,183.167908
2025-10-31,183.544876
2025-11-03,183.872223
2025-11-04,181.610519
2025-11-05,182.433868
2025-11-06,180.707825
2025-11-07,181.094696
2025-11-10,183.683746
2025-11-11,184.269012
2025-11-12,184.745163
2025-11-13,181.759308
2025-11-14,181.719635
2025-11-17,179.824966
2025-11-18,178.327087
2025-11-19,178.614761
2025-11-20,175.876923
2025-11-21,177.741821
2025-11-24,179.705933
2025-11-25,181.749405
2025-11-26,183.247269
2025-11-28,184.169815
2025-12-01,183.346481
2025-12-02,183.792862
2025-12-03,184.566605
2025-12-04,184.755081
2025-12-05,185.082428
2025-12-08,184.417816
2025-12-09,184.388046
2025-12-10,185.628021
2025-12-11,186.342239
2025-12-12,184.596359
2025-12-15,184.764999
2025-12-16,184.190002
2025-12-17,182.289993
2025-12-18,183.669998
2025-12-19,185.179993
2025-12-22,186.289993
2025-12-23,187.210007
2025-12-24,187.720001
2025-12-26,187.809998
2025-12-29,187.100006
2025-12-30,187.009995
2025-12-31,185.770004
