# Per-country real annual total returns (fractions), 18 advanced economies.
# Source: Jorda-Schularick-Taylor Macrohistory Database R6
# (https://www.macrohistory.net/app/download/9834512569/JSTdatasetR6.xlsx), each series deflated by its own CPI. Cite JST when reusing.
# The FIRE explorer pool-bootstraps single-market runs from this table, so
# national disasters survive; it is deliberately NOT a diversified world index.
# Regenerate: make broadsample
iso,year,equity,bond,bill
AUS,1871,0.127539,,0.062343
AUS,1872,0.234622,,0.097443
AUS,1873,0.151686,,0.044000
AUS,1874,0.135631,,-0.003984
AUS,1875,0.090335,,0.014303
AUS,1876,0.102116,,0.030388
AUS,1877,0.103647,,0.014710
AUS,1878,-0.065392,,0.063412
AUS,1879,0.158200,,0.080788
AUS,1880,0.149057,,0.079719
AUS,1881,0.089722,,0.063619
AUS,1882,0.073268,,0.028672
AUS,1883,0.160262,,-0.056225
AUS,1884,0.029500,,0.034430
AUS,1885,0.113000,,0.048000
AUS,1886,0.029000,,0.047000
AUS,1887,0.318628,,0.075886
AUS,1888,0.318507,,0.092836
AUS,1889,-0.011000,,0.045000
AUS,1890,0.014000,,0.043000
AUS,1891,-0.090424,,0.058803
AUS,1892,0.079354,,0.059046
AUS,1893,-0.018810,,0.075079
AUS,1894,0.180983,,0.109441
AUS,1895,0.288345,,0.111345
AUS,1896,0.017000,,0.033000
AUS,1897,0.085000,,0.031000
AUS,1898,0.176389,,0.049074
AUS,1899,0.062000,,-0.023263
AUS,1900,0.102655,0.002382,0.013224
AUS,1901,-0.048407,-0.015045,0.011363
AUS,1902,0.082603,-0.058844,-0.036521
AUS,1903,0.199953,-0.030251,0.015186
AUS,1904,0.127869,0.063704,0.083279
AUS,1905,0.146000,0.088576,0.032500
AUS,1906,0.084226,0.062132,0.015847
AUS,1907,0.088000,-0.032572,0.031900
AUS,1908,0.136343,0.018841,-0.000347
AUS,1909,0.117539,0.009632,0.015434
AUS,1910,0.050833,0.018331,0.015674
AUS,1911,0.029042,-0.046045,-0.040211
AUS,1912,0.001377,-0.073509,-0.046756
AUS,1913,0.103329,0.060485,0.046592
AUS,1914,0.058300,-0.017059,-0.018650
AUS,1915,-0.132584,-0.087371,-0.069906
AUS,1916,-0.055231,0.015857,0.012496
AUS,1917,0.083557,-0.013065,-0.027329
AUS,1918,0.002644,-0.055340,-0.032498
AUS,1919,0.055111,-0.075265,-0.077936
AUS,1920,0.062832,0.005384,0.021927
AUS,1921,0.321120,0.206753,0.146859
AUS,1922,0.235887,0.084828,0.060485
AUS,1923,0.162000,0.040929,0.041469
AUS,1924,0.126374,0.026438,0.031736
AUS,1925,0.166102,0.079830,0.032442
AUS,1926,0.141000,0.041869,0.042091
AUS,1927,0.103564,0.038877,0.023144
AUS,1928,0.166396,0.035447,0.032703
AUS,1929,-0.053000,-0.016814,0.043439
AUS,1930,-0.233882,0.039993,0.135507
AUS,1931,0.225041,0.080322,0.085381
AUS,1932,0.301106,0.391234,0.076815
AUS,1933,0.256000,0.058059,0.027680
AUS,1934,0.232000,0.072372,0.025918
AUS,1935,0.089411,0.011204,0.012554
AUS,1936,0.161327,0.005208,-0.008000
AUS,1937,0.003520,-0.031952,0.002859
AUS,1938,-0.024510,-0.036154,0.003261
AUS,1939,0.022914,-0.009009,-0.005106
AUS,1940,-0.020946,0.058936,-0.031989
AUS,1941,-0.103462,-0.054446,-0.029939
AUS,1942,0.117161,0.004607,-0.036105
AUS,1943,0.080288,0.045864,0.013391
AUS,1944,0.071429,0.041053,0.013456
AUS,1945,0.114465,0.010309,
AUS,1946,0.107250,0.074847,
AUS,1947,0.083887,-0.102274,
AUS,1948,-0.055792,-0.024518,-0.057175
AUS,1949,-0.004649,-0.116250,-0.060908
AUS,1950,0.203403,-0.038546,-0.066310
AUS,1951,-0.203936,-0.234197,-0.148779
AUS,1952,-0.260391,-0.134448,-0.125692
AUS,1953,0.083625,0.042838,-0.011599
AUS,1954,0.177943,0.071654,0.026380
AUS,1955,0.080969,-0.115880,0.017169
AUS,1956,0.013567,-0.065382,-0.014572
AUS,1957,0.138816,0.015656,0.020445
AUS,1958,0.173572,0.078826,0.029368
AUS,1959,0.416919,0.053499,0.021105
AUS,1960,-0.096275,-0.049703,0.005756
AUS,1961,0.088652,0.015668,0.024171
AUS,1962,0.044910,0.144220,0.045812
AUS,1963,0.259319,0.044206,0.032721
AUS,1964,0.019919,-0.013540,0.017183
AUS,1965,-0.116985,0.012712,0.008542
AUS,1966,0.036166,0.001233,0.018881
AUS,1967,0.380896,0.009985,0.013141
AUS,1968,0.313162,-0.004595,0.021013
AUS,1969,0.069769,0.078904,0.018176
AUS,1970,-0.169442,-0.042557,0.014202
AUS,1971,-0.114686,0.052353,-0.006151
AUS,1972,0.288434,0.028090,-0.014602
AUS,1973,-0.322163,-0.200352,-0.038856
AUS,1974,-0.358875,-0.125816,-0.052480
AUS,1975,0.343507,-0.076104,-0.065715
AUS,1976,-0.087417,-0.053577,-0.052960
AUS,1977,0.008012,0.034051,-0.033617
AUS,1978,0.151740,0.056177,0.006699
AUS,1979,0.274177,-0.076340,-0.001956
AUS,1980,0.382954,-0.130553,0.004912
AUS,1981,-0.186812,-0.091430,0.032446
AUS,1982,-0.237936,0.073685,0.031463
AUS,1983,0.486647,0.051003,0.008603
AUS,1984,-0.033191,0.095401,0.067675
AUS,1985,0.331284,-0.010366,0.081329
AUS,1986,0.385164,0.119633,0.057773
AUS,1987,-0.166734,0.069323,0.039724
AUS,1988,0.129329,0.043388,0.045788
AUS,1989,0.096138,0.054980,0.085911
AUS,1990,-0.210420,0.100628,0.064123
AUS,1991,0.235193,0.258059,0.065229
AUS,1992,-0.031548,0.121038,0.052275
AUS,1993,0.379549,0.230547,0.031318
AUS,1994,-0.105060,-0.140734,0.037286
AUS,1995,0.153719,0.179672,0.028724
AUS,1996,0.114315,0.121062,0.042919
AUS,1997,0.111694,0.171493,0.050542
AUS,1998,0.075546,0.126021,0.039434
AUS,1999,0.176391,-0.081877,0.033040
AUS,2000,0.005410,0.122856,0.014538
AUS,2001,0.054857,-0.025231,0.003765
AUS,2002,-0.108153,0.094368,0.014578
AUS,2003,0.127843,-0.004372,0.020231
AUS,2004,0.246491,0.057595,0.028417
AUS,2005,0.179512,0.036027,0.027258
AUS,2006,0.206764,-0.025397,0.021735
AUS,2007,0.152383,0.004142,0.039387
AUS,2008,-0.428688,0.222408,0.022270
AUS,2009,0.371503,-0.091663,0.014818
AUS,2010,0.004307,0.043916,0.014415
AUS,2011,-0.143066,0.157504,0.012934
AUS,2012,0.168699,0.061173,0.019769
AUS,2013,0.167655,-0.072057,0.002559
AUS,2014,0.030462,0.155662,0.000118
AUS,2015,0.010600,0.007413,0.006152
AUS,2016,0.105184,0.001402,0.007005
AUS,2017,0.101231,0.015858,-0.002500
AUS,2018,-0.055560,0.010923,0.000146
AUS,2019,0.219011,0.083709,-0.002183
AUS,2020,0.039941,0.000912,-0.006280
BEL,1871,0.080534,0.078421,0.013201
BEL,1872,0.211536,0.019609,-0.007951
BEL,1873,0.098425,-0.152673,-0.038433
BEL,1874,0.066781,0.047195,0.080560
BEL,1875,-0.045275,0.087556,0.072645
BEL,1876,-0.153263,-0.005597,-0.021638
BEL,1877,0.001899,0.069776,0.033955
BEL,1878,0.039862,0.092170,0.082310
BEL,1879,0.359459,0.145242,0.063849
BEL,1880,0.115013,0.118169,0.086245
BEL,1881,0.003382,0.053282,0.034082
BEL,1882,-0.057117,0.023454,0.044148
BEL,1883,-0.042489,0.014120,0.023018
BEL,1884,0.039395,0.142373,0.113278
BEL,1885,0.002594,0.147537,0.069471
BEL,1886,0.089297,0.190582,0.123024
BEL,1887,0.001870,-0.057141,-0.025408
BEL,1888,0.182812,0.065623,0.058172
BEL,1889,0.267326,0.014259,0.009428
BEL,1890,-0.018471,0.059251,-0.001646
BEL,1891,-0.019209,0.059840,0.032783
BEL,1892,0.064091,0.041961,0.068421
BEL,1893,0.044388,0.108235,0.069644
BEL,1894,0.156740,0.088951,0.057623
BEL,1895,0.059857,0.025820,0.057386
BEL,1896,0.149968,0.065905,0.071943
BEL,1897,0.115866,0.032865,0.018609
BEL,1898,0.148707,0.003215,0.030935
BEL,1899,0.026353,-0.037921,0.017866
BEL,1900,-0.195712,-0.109704,-0.084697
BEL,1901,-0.125993,0.045767,0.008679
BEL,1902,0.040713,0.085227,0.054548
BEL,1903,0.119176,0.012097,0.031012
BEL,1904,0.297244,0.158556,0.176895
BEL,1905,0.134879,-0.002987,0.005677
BEL,1906,0.014008,-0.061093,-0.062537
BEL,1907,-0.091569,-0.020359,0.008410
BEL,1908,0.012359,0.009345,0.020020
BEL,1909,0.185632,0.022996,0.042415
BEL,1910,0.064460,-0.018537,0.008508
BEL,1911,-0.060930,-0.068682,-0.032179
BEL,1912,0.005672,-0.126313,-0.037677
BEL,1913,0.008538,0.036370,0.082696
BEL,1914,-0.012595,,0.031671
BEL,1915,-0.274783,,
BEL,1916,-0.373280,,
BEL,1917,-0.440443,,
BEL,1918,-0.133551,,
BEL,1919,1.009743,,0.649156
BEL,1920,-0.237279,-0.207498,-0.143008
BEL,1921,0.148211,0.210740,0.172900
BEL,1922,0.369673,0.186517,0.100361
BEL,1923,0.318611,-0.253073,-0.101997
BEL,1924,-0.172067,-0.090489,-0.117311
BEL,1925,0.035703,-0.079275,0.002319
BEL,1926,0.372030,0.106175,-0.131345
BEL,1927,0.286750,-0.112539,-0.184983
BEL,1928,0.207200,0.120863,-0.006306
BEL,1929,-0.346115,0.019953,-0.025474
BEL,1930,-0.287847,0.277375,0.035984
BEL,1931,-0.248457,0.005406,0.120429
BEL,1932,0.137901,0.112565,0.135487
BEL,1933,-0.077608,0.076873,0.046809
BEL,1934,-0.140765,0.221736,0.083223
BEL,1935,0.552016,0.143876,0.036825
BEL,1936,0.211243,0.070804,-0.026393
BEL,1937,-0.122458,-0.026025,-0.053116
BEL,1938,-0.118181,-0.150088,-0.018712
BEL,1939,-0.209224,-0.088489,0.004125
BEL,1940,0.523867,-0.111065,-0.314319
BEL,1941,-0.090856,-0.429334,-0.475460
BEL,1942,-0.283024,-0.301449,-0.328002
BEL,1943,-0.193297,-0.062912,-0.103726
BEL,1944,0.193623,0.124978,0.054595
BEL,1945,0.283475,0.281595,0.323522
BEL,1946,0.025288,0.068739,0.144658
BEL,1947,-0.321871,-0.044467,-0.003889
BEL,1948,-0.120798,-0.087779,-0.116382
BEL,1949,0.254829,0.139325,0.048435
BEL,1950,0.169355,0.047528,0.022869
BEL,1951,0.298853,-0.047734,-0.072837
BEL,1952,-0.016290,0.052315,0.004627
BEL,1953,0.097950,0.068852,0.017359
BEL,1954,0.404166,0.054084,0.001068
BEL,1955,0.290120,0.045352,0.018998
BEL,1956,-0.051610,-0.017404,-0.013870
BEL,1957,-0.203511,-0.109135,-0.014966
BEL,1958,0.145936,0.190015,0.008281
BEL,1959,-0.039003,0.024578,0.004216
BEL,1960,-0.140445,-0.022183,0.028792
BEL,1961,0.155656,0.051869,0.023625
BEL,1962,-0.048046,0.096264,0.012705
BEL,1963,0.131771,0.012666,0.004238
BEL,1964,-0.002338,-0.017800,-0.007920
BEL,1965,-0.082894,0.015304,0.005448
BEL,1966,-0.222644,-0.002097,0.009984
BEL,1967,0.215117,0.052001,0.022987
BEL,1968,0.130732,0.033555,0.012247
BEL,1969,0.008675,-0.066961,0.030709
BEL,1970,0.011913,0.024779,0.038053
BEL,1971,0.045776,0.075962,0.007178
BEL,1972,0.241859,0.011380,-0.015051
BEL,1973,-0.000341,-0.049819,-0.007437
BEL,1974,-0.332084,-0.135111,-0.021947
BEL,1975,0.092431,-0.003854,-0.051148
BEL,1976,-0.116099,-0.064231,0.005460
BEL,1977,-0.047146,0.086869,-0.000194
BEL,1978,0.086617,0.018384,0.025588
BEL,1979,0.054241,-0.123096,0.060189
BEL,1980,-0.169746,-0.077176,0.069672
BEL,1981,0.031942,-0.033470,0.070784
BEL,1982,0.177413,0.104555,0.049345
BEL,1983,0.345931,0.123255,0.026677
BEL,1984,0.172133,0.068825,0.047723
BEL,1985,0.317432,0.218308,0.044946
BEL,1986,0.418225,0.260709,0.067137
BEL,1987,-0.123050,0.013341,0.054525
BEL,1988,0.505877,0.057595,0.054921
BEL,1989,0.111967,-0.073796,0.054064
BEL,1990,-0.223598,0.019983,0.060128
BEL,1991,0.090704,0.130184,0.059125
BEL,1992,-0.037414,0.171979,0.067637
BEL,1993,0.309866,0.170618,0.052677
BEL,1994,-0.052337,-0.055236,0.032212
BEL,1995,0.117616,0.172341,0.032613
BEL,1996,0.233842,0.113624,0.011251
BEL,1997,0.329753,0.083105,0.018985
BEL,1998,0.399776,0.161393,0.026192
BEL,1999,-0.083428,-0.064026,0.016265
BEL,2000,-0.003191,0.026345,0.015203
BEL,2001,-0.046399,0.050722,0.016742
BEL,2002,-0.278120,0.082917,0.016367
BEL,2003,0.169136,0.035112,0.006925
BEL,2004,0.367202,0.073665,0.001502
BEL,2005,0.240396,0.034429,-0.004554
BEL,2006,0.203162,-0.025634,0.005590
BEL,2007,-0.058631,-0.026288,0.020370
BEL,2008,-0.579436,-0.012075,-0.007833
BEL,2009,0.524862,0.108942,0.006656
BEL,2010,0.089187,-0.008492,-0.018601
BEL,2011,-0.160465,-0.026109,-0.022661
BEL,2012,0.354599,0.211405,-0.024317
BEL,2013,0.174935,-0.011249,-0.011832
BEL,2014,0.173551,0.151216,-0.004383
BEL,2015,0.092801,0.016326,-0.008347
BEL,2016,-0.041171,0.031403,-0.019983
BEL,2017,0.019324,0.009313,-0.024982
BEL,2018,-0.224618,-0.020216,-0.025734
BEL,2019,0.233399,0.077015,-0.015851
BEL,2020,-0.106920,0.039924,-0.008493
CHE,1900,0.107755,0.051596,0.078505
CHE,1901,0.018894,0.086290,0.025503
CHE,1902,0.077900,0.033121,0.030650
CHE,1903,0.055500,0.008857,0.016472
CHE,1904,0.142681,0.022633,0.036500
CHE,1905,0.038681,-0.000404,0.002276
CHE,1906,0.038656,0.008523,0.008459
CHE,1907,-0.097123,-0.033362,0.009070
CHE,1908,0.076671,0.012662,0.025777
CHE,1909,0.097718,0.029988,0.022625
CHE,1910,0.020029,-0.032428,-0.002598
CHE,1911,0.013334,-0.004980,0.015252
CHE,1912,-0.027778,-0.040720,0.003366
CHE,1913,0.069356,0.056127,0.064413
CHE,1914,0.041609,0.003156,0.023084
CHE,1915,-0.144975,,-0.093913
CHE,1916,-0.070337,-0.114288,-0.105746
CHE,1917,-0.233711,-0.205744,-0.183462
CHE,1918,-0.119388,-0.162984,-0.126559
CHE,1919,-0.144846,-0.080134,-0.042486
CHE,1920,-0.160599,-0.053354,0.033687
CHE,1921,-0.027809,0.349500,0.170960
CHE,1922,0.551262,0.484483,0.272561
CHE,1923,0.142591,-0.000532,0.039500
CHE,1924,0.087688,0.006388,0.010201
CHE,1925,0.182101,0.086422,0.049711
CHE,1926,0.261971,0.093735,0.080593
CHE,1927,0.276753,0.064075,0.055025
CHE,1928,0.203621,0.040911,0.035528
CHE,1929,-0.061824,0.047438,0.042000
CHE,1930,-0.037642,0.078873,0.060766
CHE,1931,-0.263620,0.115801,0.090727
CHE,1932,0.143042,0.139749,0.119783
CHE,1933,0.153940,0.092716,0.084915
CHE,1934,-0.058088,0.050018,0.046366
CHE,1935,-0.106324,0.045826,0.038206
CHE,1936,0.501704,0.038121,0.014187
CHE,1937,0.022775,-0.012066,-0.022857
CHE,1938,0.017959,0.056387,0.026458
CHE,1939,-0.171019,0.009950,0.017407
CHE,1940,-0.052993,-0.069942,-0.062400
CHE,1941,0.168609,-0.079270,-0.109404
CHE,1942,-0.040495,-0.067527,-0.075877
CHE,1943,-0.064467,-0.017289,-0.025588
CHE,1944,0.030342,0.004835,0.000149
CHE,1945,0.149412,0.016241,0.014875
CHE,1946,0.086245,0.043486,0.034040
CHE,1947,0.053114,-0.012689,-0.019317
CHE,1948,-0.081680,-0.007949,-0.008599
CHE,1949,0.149795,0.052195,0.031919
CHE,1950,0.114049,0.074039,0.039210
CHE,1951,0.140839,-0.039313,-0.023544
CHE,1952,0.057055,-0.003326,-0.002027
CHE,1953,0.111912,0.045361,0.029744
CHE,1954,0.252576,0.024309,0.015921
CHE,1955,0.050065,0.005380,0.013699
CHE,1956,0.006040,0.005769,0.008114
CHE,1957,-0.119793,-0.011459,0.004752
CHE,1958,0.205484,0.009511,0.009921
CHE,1959,0.300360,0.072172,0.034096
CHE,1960,0.424118,0.043459,0.012534
CHE,1961,0.466834,0.017857,0.008670
CHE,1962,-0.211186,-0.019202,-0.014992
CHE,1963,-0.034778,-0.021568,-0.006338
CHE,1964,-0.097138,-0.009680,-0.001072
CHE,1965,-0.100703,0.011492,-0.002187
CHE,1966,-0.161018,-0.024001,-0.013874
CHE,1967,0.415004,0.014745,-0.004324
CHE,1968,0.362085,0.034533,0.011637
CHE,1969,0.019469,-0.020505,0.036697
CHE,1970,-0.137679,0.000539,0.030246
CHE,1971,0.083766,0.034681,-0.050885
CHE,1972,0.131904,-0.026574,-0.037223
CHE,1973,-0.264391,-0.083268,-0.047033
CHE,1974,-0.390872,-0.071890,-0.034589
CHE,1975,0.375459,0.070536,-0.036988
CHE,1976,0.060656,0.121331,-0.002024
CHE,1977,0.067201,0.068569,0.011697
CHE,1978,-0.015512,0.065304,-0.003917
CHE,1979,0.070250,-0.055408,-0.025529
CHE,1980,0.019657,-0.016863,-0.016643
CHE,1981,-0.172743,-0.043172,-0.033393
CHE,1982,0.071936,0.047892,-0.041008
CHE,1983,0.236257,0.003072,-0.010920
CHE,1984,0.015594,0.003354,0.004134
CHE,1985,0.559868,0.024662,-0.012736
CHE,1986,0.088930,0.063728,0.021067
CHE,1987,-0.285168,0.030603,-0.008724
CHE,1988,0.213535,0.010265,0.029605
CHE,1989,0.188315,-0.108834,0.063283
CHE,1990,-0.234562,-0.048553,0.031680
CHE,1991,0.111730,0.028207,0.016235
CHE,1992,0.130582,0.096022,0.022319
CHE,1993,0.459671,0.144018,0.007813
CHE,1994,-0.083917,-0.030591,0.026354
CHE,1995,0.208706,0.135083,-0.000603
CHE,1996,0.173367,0.042536,0.006820
CHE,1997,0.543875,0.083185,0.004787
CHE,1998,0.153441,0.114119,0.008563
CHE,1999,0.107955,-0.058730,0.002836
CHE,2000,0.101900,0.030629,0.019084
CHE,2001,-0.227918,0.027977,0.006535
CHE,2002,-0.264234,0.130160,-0.002000
CHE,2003,0.212922,-0.008843,-0.005427
CHE,2004,0.060417,0.052528,-0.002486
CHE,2005,0.340363,0.052683,-0.005365
CHE,2006,0.193972,-0.031686,0.008674
CHE,2007,-0.007826,-0.021134,0.012564
CHE,2008,-0.356102,0.083185,-0.023611
CHE,2009,0.237744,0.047528,0.005316
CHE,2010,0.022158,0.045121,-0.006432
CHE,2011,-0.079313,0.116071,-0.001579
CHE,2012,0.185440,0.049125,0.006778
CHE,2013,0.248695,-0.038383,0.002261
CHE,2014,0.130145,0.097197,-0.019884
CHE,2015,0.038609,0.054133,0.001433
CHE,2016,-0.003573,0.001933,-0.004677
CHE,2017,0.194135,0.000067,-0.015249
CHE,2018,-0.099018,-0.000844,-0.018669
CHE,2019,0.294326,0.022823,-0.013562
CHE,2020,0.047601,-0.001793,-0.001253
DEU,1871,0.314061,0.092684,-0.003631
DEU,1872,0.068961,-0.009998,-0.018008
DEU,1873,-0.145968,0.007240,-0.010087
DEU,1874,-0.043151,0.053869,0.027099
DEU,1875,-0.029707,0.106568,0.106633
DEU,1876,0.067080,0.031895,0.029200
DEU,1877,0.023735,0.055318,0.056911
DEU,1878,0.130417,0.085418,0.080126
DEU,1879,0.367522,0.086921,0.061767
DEU,1880,0.081530,0.021195,-0.008967
DEU,1881,0.194886,0.064542,0.058750
DEU,1882,-0.012037,0.033668,0.030094
DEU,1883,0.121029,0.082387,0.070690
DEU,1884,0.074789,0.060131,0.037847
DEU,1885,0.037135,0.079550,0.056049
DEU,1886,0.106005,0.063151,0.030804
DEU,1887,0.006245,0.033851,0.023000
DEU,1888,0.155423,0.047676,0.011983
DEU,1889,0.132342,-0.005393,-0.009090
DEU,1890,-0.067518,-0.024289,0.011637
DEU,1891,-0.058234,0.016765,0.013172
DEU,1892,0.065670,0.054930,0.026483
DEU,1893,0.110036,0.100784,0.095611
DEU,1894,0.190841,0.104343,0.035732
DEU,1895,0.111826,0.028255,0.002045
DEU,1896,0.079420,0.015255,0.021361
DEU,1897,0.059074,0.003084,0.013126
DEU,1898,0.089692,0.008859,0.035500
DEU,1899,0.011113,-0.039831,0.018168
DEU,1900,-0.090193,0.001658,0.018425
DEU,1901,0.038567,0.062203,0.030600
DEU,1902,0.077971,0.032302,0.013592
DEU,1903,0.100975,0.033150,0.030100
DEU,1904,0.124723,0.027774,0.031400
DEU,1905,0.054008,-0.005004,-0.003894
DEU,1906,0.003265,-0.035550,-0.013949
DEU,1907,0.032777,0.010872,0.059104
DEU,1908,0.020598,0.057572,0.035200
DEU,1909,0.106989,0.004212,-0.001432
DEU,1910,0.040139,-0.002423,-0.001058
DEU,1911,0.052489,0.024637,0.035400
DEU,1912,0.044669,-0.012124,0.027725
DEU,1913,0.033686,0.015629,0.042560
DEU,1914,-0.110275,0.017433,0.008480
DEU,1915,-0.124996,-0.151127,-0.172213
DEU,1916,-0.123147,-0.207002,-0.204718
DEU,1917,-0.177518,-0.312305,-0.302467
DEU,1918,-0.403381,-0.155828,-0.149593
DEU,1919,0.197187,-0.196381,-0.212238
DEU,1920,-0.313465,-0.543673,-0.577941
DEU,1921,0.707487,0.092238,-0.210489
DEU,1922,0.930606,-0.906800,-0.905723
DEU,1923,1.496531,-1.000000,
DEU,1924,-0.874395,-0.871164,-0.866000
DEU,1925,-0.403720,-0.024188,-0.010743
DEU,1926,1.360742,0.040834,0.052780
DEU,1927,-0.117710,-0.002393,0.021869
DEU,1928,0.082376,0.025375,0.046321
DEU,1929,-0.232252,0.033118,0.068639
DEU,1930,-0.242437,0.111700,0.099435
DEU,1931,-0.283750,-0.046944,0.180191
DEU,1932,0.278080,0.398205,0.180615
DEU,1933,0.173279,0.240371,0.077208
DEU,1934,0.111816,0.019546,0.019579
DEU,1935,0.141408,0.029360,0.017876
DEU,1936,0.288427,0.062478,0.024769
DEU,1937,0.009619,0.086845,0.023446
DEU,1938,-0.034996,0.058152,0.021925
DEU,1939,0.133669,0.045717,0.025000
DEU,1940,0.296534,0.044512,-0.009252
DEU,1941,0.050523,0.044893,-0.001248
DEU,1942,0.109239,0.030147,-0.008519
DEU,1943,0.035154,0.056830,0.013899
DEU,1944,0.009752,,-0.000430
DEU,1945,-0.158229,,
DEU,1946,-0.171335,,
DEU,1947,0.014741,,
DEU,1948,-0.899594,,
DEU,1949,1.212533,-0.005385,
DEU,1950,-0.022291,0.105793,0.112285
DEU,1951,1.022679,-0.037724,-0.015170
DEU,1952,0.192485,0.040745,0.029151
DEU,1953,0.275575,0.034144,0.055390
DEU,1954,0.888160,0.068762,0.026473
DEU,1955,0.092376,0.084542,0.014550
DEU,1956,-0.072554,-0.080161,0.020943
DEU,1957,0.055698,-0.022944,0.018102
DEU,1958,0.578171,0.104016,0.009733
DEU,1959,0.802019,0.081198,0.017116
DEU,1960,0.358960,0.005596,0.030323
DEU,1961,-0.090353,0.075403,0.006407
DEU,1962,-0.237285,0.025823,-0.002136
DEU,1963,0.088010,0.024195,0.000101
DEU,1964,0.070008,0.044803,0.009211
DEU,1965,-0.146484,-0.029587,0.008462
DEU,1966,-0.166530,-0.034022,0.016564
DEU,1967,0.357349,0.140571,0.017138
DEU,1968,0.141332,0.071783,0.009523
DEU,1969,0.169551,-0.009153,0.028801
DEU,1970,-0.241265,0.019694,0.050373
DEU,1971,0.018978,0.031380,0.008804
DEU,1972,0.103658,-0.013522,-0.011315
DEU,1973,-0.206737,-0.034619,0.029795
DEU,1974,-0.042464,0.011871,0.017785
DEU,1975,0.238024,0.071311,-0.014498
DEU,1976,-0.062480,0.065666,-0.003946
DEU,1977,0.084479,0.095204,0.004320
DEU,1978,0.089909,0.010298,0.006562
DEU,1979,-0.129543,-0.034635,0.016866
DEU,1980,-0.019388,-0.021987,0.034534
DEU,1981,-0.033175,-0.011785,0.046443
DEU,1982,0.090680,0.126374,0.032291
DEU,1983,0.349097,0.015789,0.020208
DEU,1984,0.083795,0.105300,0.030633
DEU,1985,0.630922,0.079048,0.029464
DEU,1986,0.151793,0.087564,0.047039
DEU,1987,-0.336693,0.065569,0.034716
DEU,1988,0.262906,0.036301,0.027010
DEU,1989,0.279279,-0.011364,0.037078
DEU,1990,-0.094213,-0.012560,0.050893
DEU,1991,0.088959,0.072701,0.050212
DEU,1992,-0.068008,0.079488,0.041483
DEU,1993,0.404456,0.097689,0.029022
DEU,1994,-0.095360,-0.051078,0.025440
DEU,1995,0.050589,0.145842,0.026145
DEU,1996,0.203513,0.059695,0.017591
DEU,1997,0.387193,0.049677,0.016404
DEU,1998,0.148632,0.105935,0.028122
DEU,1999,0.307875,-0.026064,0.020392
DEU,2000,-0.111587,0.053772,0.026718
DEU,2001,-0.194445,0.036545,0.024268
DEU,2002,-0.407140,0.076145,0.019473
DEU,2003,0.360884,0.029614,0.012114
DEU,2004,0.066006,0.048658,0.002928
DEU,2005,0.257755,0.021119,0.001579
DEU,2006,0.219113,-0.014894,0.010326
DEU,2007,0.177279,0.002194,0.015347
DEU,2008,-0.441128,0.072012,0.010445
DEU,2009,0.250961,0.046671,0.003787
DEU,2010,0.171470,0.028561,-0.007272
DEU,2011,-0.168794,0.056677,-0.016328
DEU,2012,0.265414,0.024370,-0.018557
DEU,2013,0.247524,-0.020510,-0.014852
DEU,2014,0.023075,0.062828,-0.006674
DEU,2015,0.105781,-0.001657,-0.007819
DEU,2016,0.052851,0.036756,-0.006364
DEU,2017,0.144222,-0.005629,-0.020058
DEU,2018,-0.184284,0.005860,-0.022143
DEU,2019,0.211307,0.044400,-0.016868
DEU,2020,0.071915,0.028258,-0.007940
DNK,1873,-0.062164,-0.000863,
DNK,1874,0.168715,0.098151,
DNK,1875,0.182939,0.145035,0.153633
DNK,1876,0.030826,0.066818,0.111579
DNK,1877,-0.000693,0.080877,0.122907
DNK,1878,0.232051,0.162647,0.128764
DNK,1879,0.158246,0.071248,0.029053
DNK,1880,0.109922,-0.002429,-0.041448
DNK,1881,0.067717,0.022072,0.014345
DNK,1882,0.068104,0.056932,0.054370
DNK,1883,0.127820,0.100579,0.104211
DNK,1884,0.064572,0.074374,0.068790
DNK,1885,-0.047022,0.081688,0.079798
DNK,1886,0.171194,0.075000,0.091256
DNK,1887,0.034403,0.027919,0.035000
DNK,1888,0.155976,0.074809,0.059235
DNK,1889,0.050651,-0.006937,-0.001735
DNK,1890,-0.001352,0.000634,0.028706
DNK,1891,-0.054417,-0.082213,-0.046874
DNK,1892,0.118653,0.099997,0.102731
DNK,1893,0.142718,0.106365,0.104263
DNK,1894,0.130606,0.139495,0.066000
DNK,1895,0.140517,0.051028,0.065846
DNK,1896,0.099451,0.057105,0.065932
DNK,1897,0.036436,0.047739,0.046200
DNK,1898,0.012905,-0.033499,-0.006490
DNK,1899,-0.049477,-0.039173,0.030926
DNK,1900,0.021958,-0.008232,0.036910
DNK,1901,0.014222,0.062594,0.021035
DNK,1902,0.084967,0.040921,0.044600
DNK,1903,0.117976,0.077880,0.082735
DNK,1904,0.069142,0.027848,0.047900
DNK,1905,0.072460,0.016611,0.021186
DNK,1906,0.091306,0.011086,0.042380
DNK,1907,-0.052146,-0.032469,0.006363
DNK,1908,-0.070723,0.001662,0.045081
DNK,1909,0.150453,0.057497,0.088128
DNK,1910,0.045420,0.028802,0.042049
DNK,1911,0.143593,0.040644,0.061437
DNK,1912,0.020362,-0.082661,-0.001085
DNK,1913,-0.004764,-0.045549,0.017408
DNK,1914,-0.026091,0.009120,0.028835
DNK,1915,0.218538,,-0.104394
DNK,1916,0.432518,-0.004136,-0.099412
DNK,1917,-0.087837,-0.132515,-0.094176
DNK,1918,0.055003,-0.111691,-0.103972
DNK,1919,-0.190060,-0.272519,-0.105192
DNK,1920,-0.226132,-0.142639,-0.095626
DNK,1921,-0.067045,0.465561,0.250800
DNK,1922,0.074942,0.371814,0.240122
DNK,1923,0.122123,-0.065205,0.016888
DNK,1924,0.058301,-0.077675,0.005283
DNK,1925,0.055823,0.112630,0.098524
DNK,1926,0.086696,0.277022,0.233895
DNK,1927,0.164889,0.127418,0.090986
DNK,1928,0.108773,0.092593,0.049225
DNK,1929,0.084185,0.074249,0.062040
DNK,1930,0.063569,0.121397,0.102447
DNK,1931,-0.039436,0.032041,0.104137
DNK,1932,-0.094269,0.151461,0.064351
DNK,1933,0.208256,0.050582,0.011238
DNK,1934,0.197778,0.017436,0.005923
DNK,1935,0.036927,-0.033116,-0.005067
DNK,1936,0.132635,0.013324,0.032694
DNK,1937,-0.043364,0.000000,0.005601
DNK,1938,0.018600,0.069926,0.035568
DNK,1939,0.051407,-0.040306,0.017358
DNK,1940,-0.181350,-0.125390,-0.155243
DNK,1941,0.090621,-0.079361,-0.095065
DNK,1942,0.094707,0.066667,0.007296
DNK,1943,0.127849,0.036519,0.033500
DNK,1944,0.074914,0.051983,0.014634
DNK,1945,-0.094080,0.060733,0.027470
DNK,1946,0.064159,0.037425,0.041482
DNK,1947,0.025022,-0.017143,0.007522
DNK,1948,0.018656,-0.047671,0.008233
DNK,1949,-0.053512,0.030256,0.007520
DNK,1950,0.182833,-0.084953,-0.019425
DNK,1951,-0.120663,-0.128277,-0.050000
DNK,1952,-0.047357,0.010437,0.011468
DNK,1953,0.083159,0.077614,0.039216
DNK,1954,0.152721,-0.053571,0.050000
DNK,1955,0.100821,-0.010876,0.003197
DNK,1956,0.103348,-0.015521,-0.000325
DNK,1957,0.079870,0.079019,0.031692
DNK,1958,0.058016,0.174893,0.048787
DNK,1959,0.280013,-0.006268,0.033603
DNK,1960,0.146809,0.010113,0.046448
DNK,1961,0.009941,-0.053325,0.030675
DNK,1962,-0.012555,0.008899,-0.003519
DNK,1963,-0.060298,0.078793,0.006668
DNK,1964,0.203595,-0.086396,0.033454
DNK,1965,0.015805,-0.085997,0.014699
DNK,1966,0.020226,-0.058989,-0.000607
DNK,1967,-0.213696,-0.017332,-0.010777
DNK,1968,0.002591,0.109283,-0.007290
DNK,1969,0.157747,-0.119349,0.048432
DNK,1970,-0.109786,0.012261,0.028026
DNK,1971,-0.066640,0.078997,0.021891
DNK,1972,0.395019,0.031010,0.011340
DNK,1973,0.486067,-0.137012,-0.010971
DNK,1974,-0.328651,-0.128346,-0.016816
DNK,1975,0.062399,0.182542,-0.028601
DNK,1976,0.244781,-0.100842,0.011743
DNK,1977,-0.029676,-0.084139,0.030075
DNK,1978,-0.091831,0.106654,0.049187
DNK,1979,-0.069102,-0.042784,0.027573
DNK,1980,-0.123034,-0.029288,0.041157
DNK,1981,0.588664,0.045781,0.027703
DNK,1982,0.224724,0.019565,0.061728
DNK,1983,0.699056,0.576797,0.055204
DNK,1984,0.031509,-0.021445,0.051573
DNK,1985,0.018630,0.380321,0.054010
DNK,1986,-0.008668,-0.112982,0.053500
DNK,1987,-0.171768,0.049503,0.058810
DNK,1988,0.103837,0.286592,0.037918
DNK,1989,0.353961,-0.024698,0.046013
DNK,1990,0.084582,0.052008,0.080390
DNK,1991,0.068353,0.170538,0.071335
DNK,1992,-0.088459,0.054508,0.087555
DNK,1993,0.020723,0.246995,0.090339
DNK,1994,0.182182,-0.127666,0.040615
DNK,1995,-0.008633,0.179994,0.039044
DNK,1996,0.292149,0.091920,0.017084
DNK,1997,0.409705,0.100384,0.016457
DNK,1998,-0.051486,0.129908,0.027967
DNK,1999,0.207710,-0.062397,0.012305
DNK,2000,0.138759,0.056323,0.021324
DNK,2001,-0.148356,0.030406,0.022542
DNK,2002,-0.220769,0.073157,0.010942
DNK,2003,0.304711,0.022127,0.003659
DNK,2004,0.229429,0.075674,0.012651
DNK,2005,0.407943,0.060833,0.005147
DNK,2006,0.201792,-0.030408,0.012735
DNK,2007,0.053889,-0.013305,0.026278
DNK,2008,-0.497823,0.080780,0.011991
DNK,2009,0.340758,-0.004608,0.007591
DNK,2010,0.298242,0.053188,-0.014644
DNK,2011,-0.184850,0.112931,-0.017223
DNK,2012,0.237286,0.036697,-0.022219
DNK,2013,0.299687,-0.072019,-0.005430
DNK,2014,0.193482,0.139447,-0.002869
DNK,2015,0.336845,-0.031129,-0.003507
DNK,2016,-0.060760,0.047084,-0.004569
DNK,2017,0.174773,0.020911,-0.014821
DNK,2018,-0.085984,0.013379,-0.011909
DNK,2019,0.287726,0.061718,-0.012687
DNK,2020,0.301359,0.013962,-0.004819
ESP,1900,-0.007617,0.031213,-0.014235
ESP,1901,0.020158,0.075197,0.037853
ESP,1902,0.068089,0.102535,0.064161
ESP,1903,0.021679,0.041421,0.003219
ESP,1904,-0.019377,0.040728,0.011367
ESP,1905,-0.062153,0.062615,0.034800
ESP,1906,0.135399,0.097904,0.073998
ESP,1907,0.033522,0.017489,0.002747
ESP,1908,0.072096,0.095000,0.069533
ESP,1909,0.062464,0.075309,0.058962
ESP,1910,0.014851,0.031231,0.030468
ESP,1911,0.058910,0.093513,0.078437
ESP,1912,0.003573,-0.013135,-0.004411
ESP,1913,0.021365,0.002268,0.038730
ESP,1914,-0.069578,-0.004049,0.043129
ESP,1915,0.031011,-0.074020,-0.045911
ESP,1916,-0.075513,-0.078243,-0.114022
ESP,1917,-0.011835,-0.090198,-0.103291
ESP,1918,-0.220491,-0.273380,-0.280814
ESP,1919,0.000369,0.037900,0.028312
ESP,1920,0.041110,-0.011517,0.037179
ESP,1921,0.178899,0.288283,0.315463
ESP,1922,0.386528,0.252875,0.183410
ESP,1923,0.166456,0.034611,0.027314
ESP,1924,-0.015955,-0.054832,-0.066652
ESP,1925,0.034847,0.022984,0.019077
ESP,1926,0.284931,0.135282,0.129994
ESP,1927,0.330089,0.089947,0.054612
ESP,1928,0.219089,0.033033,0.009696
ESP,1929,-0.002444,-0.015086,0.006784
ESP,1930,0.000646,0.009666,0.031410
ESP,1931,-0.246882,-0.028903,0.028461
ESP,1932,-0.087762,0.105566,0.042786
ESP,1933,0.173239,0.163462,0.084317
ESP,1934,-0.037791,0.056319,0.015096
ESP,1935,0.558044,0.108430,0.013151
ESP,1936,-0.082936,-0.064915,
ESP,1937,-0.031401,,
ESP,1938,-0.011491,,
ESP,1939,-0.039307,,-0.090362
ESP,1940,-0.076931,,-0.133968
ESP,1941,0.086111,-0.126017,-0.140391
ESP,1942,-0.004837,-0.084748,-0.097396
ESP,1943,-0.189787,-0.091846,-0.100411
ESP,1944,-0.052926,0.010154,-0.043422
ESP,1945,0.077221,-0.024804,-0.053254
ESP,1946,0.141669,-0.146101,-0.135020
ESP,1947,0.193421,-0.171368,-0.144372
ESP,1948,-0.338683,-0.044031,-0.039707
ESP,1949,-0.150027,-0.022985,-0.022848
ESP,1950,-0.038202,-0.075063,-0.070801
ESP,1951,0.092469,-0.054997,-0.058738
ESP,1952,0.118504,0.067215,0.050865
ESP,1953,0.024709,0.035273,0.013574
ESP,1954,0.245102,0.039622,0.017478
ESP,1955,0.323873,0.002813,-0.009844
ESP,1956,0.411392,-0.046403,-0.027018
ESP,1957,-0.014074,-0.084739,-0.070195
ESP,1958,-0.222144,-0.068722,-0.091447
ESP,1959,-0.118271,-0.023399,-0.040103
ESP,1960,0.009798,0.072710,0.017694
ESP,1961,0.258458,0.025604,0.009745
ESP,1962,0.185747,0.012713,-0.025517
ESP,1963,0.001437,-0.039616,-0.052742
ESP,1964,-0.050330,-0.033492,-0.037235
ESP,1965,-0.017264,-0.069049,-0.079062
ESP,1966,0.002606,-0.023927,-0.042346
ESP,1967,0.015587,-0.003682,-0.031756
ESP,1968,0.166885,-0.002200,-0.018699
ESP,1969,0.492344,0.030707,0.022996
ESP,1970,0.035793,-0.043243,-0.002279
ESP,1971,-0.038505,-0.004782,-0.038986
ESP,1972,0.244763,0.011521,-0.039301
ESP,1973,0.164376,-0.095058,-0.057803
ESP,1974,-0.094379,-0.121149,-0.078039
ESP,1975,-0.246505,-0.089699,-0.093236
ESP,1976,-0.242878,-0.058878,-0.065198
ESP,1977,-0.427967,-0.276097,-0.091675
ESP,1978,-0.275811,-0.196988,0.008337
ESP,1979,-0.197228,-0.146208,-0.021838
ESP,1980,-0.126291,-0.017510,-0.000852
ESP,1981,0.243278,-0.030250,0.011721
ESP,1982,-0.125973,0.004294,0.024114
ESP,1983,0.002182,-0.017671,0.064872
ESP,1984,0.318391,0.049919,0.011892
ESP,1985,0.235727,0.038956,0.025697
ESP,1986,0.960185,0.033281,0.024771
ESP,1987,0.405533,0.060111,0.102777
ESP,1988,0.091058,0.083251,0.061572
ESP,1989,0.054667,0.032152,0.071159
ESP,1990,-0.173522,0.067443,0.075311
ESP,1991,-0.004949,0.114855,0.068599
ESP,1992,-0.132241,-0.023451,0.066858
ESP,1993,0.492800,0.366819,0.074191
ESP,1994,-0.132904,-0.164536,0.029557
ESP,1995,0.105314,0.196345,0.041148
ESP,1996,0.379913,0.246335,0.039505
ESP,1997,0.427209,0.147738,0.035422
ESP,1998,0.370837,0.156516,0.025327
ESP,1999,0.170821,-0.085640,0.004768
ESP,2000,-0.134167,0.050542,0.006064
ESP,2001,-0.069768,0.021583,0.007446
ESP,2002,-0.228600,0.088905,0.001657
ESP,2003,0.290553,0.019556,-0.007064
ESP,2004,0.194519,0.069952,-0.009687
ESP,2005,0.216844,0.035314,-0.012396
ESP,2006,0.357744,-0.049526,-0.006643
ESP,2007,0.062017,-0.017043,0.010312
ESP,2008,-0.394160,0.054337,-0.002164
ESP,2009,0.359956,0.053113,0.009656
ESP,2010,-0.161780,-0.076964,-0.013224
ESP,2011,-0.115964,0.060187,-0.021113
ESP,2012,0.025043,0.039438,-0.021234
ESP,2013,0.280761,0.142919,-0.012420
ESP,2014,0.092493,0.292945,0.002661
ESP,2015,-0.027122,0.020981,0.004268
ESP,2016,0.024776,0.057637,-0.000074
ESP,2017,0.076150,0.012529,-0.022029
ESP,2018,-0.123484,0.014852,
ESP,2019,0.154228,0.110054,-0.010520
ESP,2020,-0.095179,0.054235,-0.000373
FIN,1896,0.038033,0.039333,0.024000
FIN,1897,0.109073,-0.012763,-0.007706
FIN,1898,-0.062443,0.031058,0.015196
FIN,1899,-0.055487,-0.085952,0.005205
FIN,1900,-0.037490,-0.091367,0.035859
FIN,1901,0.013652,0.146176,0.064334
FIN,1902,0.001548,0.046037,0.045000
FIN,1903,0.091359,-0.002809,0.045000
FIN,1904,-0.000361,-0.115106,0.045000
FIN,1905,0.150669,0.096149,0.045000
FIN,1906,-0.014022,-0.119163,0.002242
FIN,1907,0.154920,0.007021,0.023206
FIN,1908,-0.076447,0.019767,-0.002500
FIN,1909,0.104062,0.136409,0.062883
FIN,1910,0.045674,0.098425,0.050000
FIN,1911,0.049843,0.021567,0.006411
FIN,1912,-0.204422,-0.105154,0.025758
FIN,1913,0.055490,0.060660,0.050000
FIN,1914,0.026466,0.028288,0.050000
FIN,1915,0.043091,-0.220381,-0.135827
FIN,1916,0.430163,-0.214420,-0.215769
FIN,1917,-0.427281,-0.591568,-0.465998
FIN,1918,-0.607619,-0.606655,-0.695382
FIN,1919,0.161579,-0.062058,0.184310
FIN,1920,-0.048139,-0.079520,0.065000
FIN,1921,-0.377830,-0.144584,-0.144114
FIN,1922,0.171409,0.566136,0.092746
FIN,1923,0.038299,0.320654,0.056184
FIN,1924,-0.052167,0.147014,0.051536
FIN,1925,0.321675,0.051600,0.021317
FIN,1926,0.417705,0.098210,0.091712
FIN,1927,0.710964,0.088437,0.042194
FIN,1928,-0.103774,0.016146,0.044370
FIN,1929,-0.145627,0.069279,0.078275
FIN,1930,0.044316,0.170648,0.153684
FIN,1931,0.174320,0.178276,0.146854
FIN,1932,0.018964,0.090983,0.059696
FIN,1933,0.480999,0.201926,0.077256
FIN,1934,0.164595,0.089470,0.049996
FIN,1935,0.118990,0.053188,0.027227
FIN,1936,0.455790,0.070141,0.036350
FIN,1937,-0.058081,0.006048,-0.015190
FIN,1938,-0.010060,0.017102,0.004424
FIN,1939,-0.071977,0.028877,0.015758
FIN,1940,0.023729,-0.120562,-0.133497
FIN,1941,0.232536,-0.114017,-0.127683
FIN,1942,0.110487,-0.110448,-0.124169
FIN,1943,-0.128960,-0.073994,-0.087835
FIN,1944,-0.097991,-0.015602,-0.030034
FIN,1945,0.466374,-0.253323,-0.264591
FIN,1946,-0.489954,-0.342762,-0.352900
FIN,1947,-0.231854,-0.233863,-0.207001
FIN,1948,-0.445198,-0.352873,-0.218722
FIN,1949,0.409882,0.198850,0.029191
FIN,1950,0.601450,-0.154309,-0.074141
FIN,1951,-0.022304,0.094331,-0.088852
FIN,1952,-0.136946,0.030030,0.037747
FIN,1953,0.341419,0.084571,0.028308
FIN,1954,0.054489,0.049405,0.049350
FIN,1955,0.651652,0.101346,0.086552
FIN,1956,-0.077571,-0.016954,-0.053099
FIN,1957,-0.237609,0.028493,-0.057195
FIN,1958,-0.006924,0.077039,-0.022586
FIN,1959,0.409780,0.108347,0.024042
FIN,1960,0.112625,0.093471,0.008069
FIN,1961,-0.025398,-0.015200,0.023112
FIN,1962,0.095965,0.444487,-0.003963
FIN,1963,-0.000637,0.102575,-0.007132
FIN,1964,-0.014254,-0.060901,-0.058251
FIN,1965,-0.100982,0.133795,-0.008880
FIN,1966,-0.104492,0.040420,0.000133
FIN,1967,-0.065511,-0.068339,-0.017924
FIN,1968,0.286081,0.214188,-0.044749
FIN,1969,0.231430,0.057000,0.019045
FIN,1970,0.215722,0.041834,0.013994
FIN,1971,0.124672,0.019490,-0.013169
FIN,1972,0.592975,0.050283,-0.026350
FIN,1973,0.298995,-0.127447,-0.047784
FIN,1974,-0.292276,-0.116969,-0.094003
FIN,1975,-0.122622,-0.105820,-0.103315
FIN,1976,-0.242493,-0.092321,-0.075055
FIN,1977,-0.214558,-0.006064,-0.070659
FIN,1978,0.106069,0.157073,0.036701
FIN,1979,0.174768,-0.029338,0.016708
FIN,1980,-0.067324,-0.075701,0.006744
FIN,1981,0.106389,0.006931,-0.004876
FIN,1982,0.292442,0.026063,0.019132
FIN,1983,0.557776,0.010531,0.058161
FIN,1984,-0.092887,0.036669,0.088123
FIN,1985,0.096784,0.076080,0.071725
FIN,1986,0.609969,0.116697,0.087490
FIN,1987,0.259601,-0.042820,0.056534
FIN,1988,0.282604,0.011972,0.070985
FIN,1989,-0.207472,0.001009,0.069051
FIN,1990,-0.345537,0.051287,0.065749
FIN,1991,-0.229312,0.092013,0.087745
FIN,1992,0.052669,0.156687,0.050403
FIN,1993,0.888942,0.351858,0.031825
FIN,1994,0.164359,-0.127563,0.046134
FIN,1995,-0.072598,0.276027,0.026143
FIN,1996,0.499201,0.153941,0.026398
FIN,1997,0.335325,0.102968,0.023237
FIN,1998,0.697631,0.160600,0.015929
FIN,1999,1.635829,-0.075912,0.030412
FIN,2000,-0.118939,0.059642,0.012733
FIN,2001,-0.324261,0.019083,0.006359
FIN,2002,-0.341411,0.100073,0.003203
FIN,2003,0.071217,0.030284,0.008052
FIN,2004,0.074150,0.094888,0.020344
FIN,2005,0.341662,0.062704,0.022868
FIN,2006,0.202936,-0.027138,0.029650
FIN,2007,0.230929,-0.002405,0.030036
FIN,2008,-0.531418,0.073013,-0.025865
FIN,2009,0.241832,0.035081,-0.008097
FIN,2010,0.214049,0.058176,-0.002905
FIN,2011,-0.293691,0.077061,-0.026622
FIN,2012,0.106061,0.070892,-0.028507
FIN,2013,0.293769,-0.050174,-0.019622
FIN,2014,0.094193,0.158680,-0.009877
FIN,2015,0.150430,0.002672,0.001367
FIN,2016,0.102212,0.033798,-0.006502
FIN,2017,0.100657,-0.027402,-0.011591
FIN,2018,-0.036559,-0.016382,-0.014735
FIN,2019,0.191063,0.018373,-0.014761
FIN,2020,0.176690,-0.005248,-0.008054
FRA,1871,0.169856,0.049610,0.010579
FRA,1872,0.129413,0.002257,0.061170
FRA,1873,0.077719,0.162426,0.047500
FRA,1874,0.095818,0.121518,0.035000
FRA,1875,0.183301,0.132572,0.054946
FRA,1876,0.034584,0.068790,-0.007368
FRA,1877,0.052489,0.088178,0.020000
FRA,1878,0.114793,0.119472,0.052151
FRA,1879,0.117694,0.106777,0.028750
FRA,1880,0.213370,0.064606,0.014294
FRA,1881,0.279580,0.050778,0.047948
FRA,1882,-0.169967,-0.032909,0.034100
FRA,1883,-0.056810,-0.019046,0.005085
FRA,1884,0.051439,0.065753,0.024800
FRA,1885,0.044304,0.075751,0.046532
FRA,1886,0.041224,0.077668,0.022000
FRA,1887,0.034060,0.023833,0.035333
FRA,1888,0.026786,0.041962,0.016254
FRA,1889,0.068355,0.103497,0.036546
FRA,1890,0.099711,0.122232,0.026200
FRA,1891,0.011637,0.024863,0.014077
FRA,1892,0.011660,0.080670,0.029166
FRA,1893,0.096069,0.042458,0.033433
FRA,1894,-0.020257,0.049316,0.006836
FRA,1895,0.040586,0.032282,0.027468
FRA,1896,0.085238,0.045699,0.017100
FRA,1897,0.127708,0.058428,0.041081
FRA,1898,0.031393,0.005179,0.008568
FRA,1899,0.035471,0.008621,0.028400
FRA,1900,0.028274,0.029167,0.019077
FRA,1901,-0.054380,0.029815,0.024100
FRA,1902,0.007407,0.014787,0.023900
FRA,1903,0.039491,0.024528,0.038411
FRA,1904,0.062934,-0.023891,0.021400
FRA,1905,0.054041,0.105701,0.021100
FRA,1906,0.017567,-0.021757,0.015516
FRA,1907,0.006437,0.018969,0.022266
FRA,1908,0.051623,0.033952,0.010417
FRA,1909,0.094914,0.048972,0.017500
FRA,1910,0.022490,0.009454,0.013007
FRA,1911,0.033029,-0.035041,-0.015782
FRA,1912,0.063031,-0.019543,0.031200
FRA,1913,0.002376,-0.020161,0.038200
FRA,1914,-0.128268,-0.159451,0.008126
FRA,1915,-0.231130,-0.191328,
FRA,1916,0.005436,-0.138779,
FRA,1917,-0.105964,-0.129627,
FRA,1918,-0.148791,-0.146652,
FRA,1919,-0.140244,-0.200967,
FRA,1920,-0.326778,-0.287536,
FRA,1921,0.098627,0.179138,
FRA,1922,0.281690,0.181339,0.083798
FRA,1923,0.130218,-0.118375,-0.065984
FRA,1924,-0.093132,-0.153641,-0.077389
FRA,1925,0.084539,-0.076987,-0.004370
FRA,1926,-0.045475,-0.134659,-0.189940
FRA,1927,0.200848,0.172121,-0.014691
FRA,1928,0.483609,0.177058,0.030200
FRA,1929,-0.059156,0.219823,-0.027382
FRA,1930,-0.275111,0.093031,0.013366
FRA,1931,-0.290969,0.035992,0.057480
FRA,1932,0.365968,0.058098,0.116602
FRA,1933,0.047455,-0.065092,0.052169
FRA,1934,-0.039912,0.249254,0.057524
FRA,1935,0.101036,0.097307,0.128757
FRA,1936,0.102817,0.007414,-0.028000
FRA,1937,-0.249720,-0.237672,-0.177584
FRA,1938,-0.070049,0.051337,-0.097499
FRA,1939,0.097716,-0.133566,-0.038053
FRA,1940,0.240230,0.040181,-0.144149
FRA,1941,0.304137,-0.018799,-0.132815
FRA,1942,0.274048,-0.134714,-0.157298
FRA,1943,-0.335717,-0.175131,-0.179596
FRA,1944,-0.278705,-0.115367,-0.169886
FRA,1945,-0.460656,-0.312968,-0.316137
FRA,1946,-0.165083,-0.381575,-0.335649
FRA,1947,-0.453539,-0.472034,-0.319316
FRA,1948,-0.437291,-0.404887,-0.356416
FRA,1949,-0.252741,-0.087156,-0.090315
FRA,1950,-0.226975,-0.113033,-0.067624
FRA,1951,0.236812,-0.213433,-0.119714
FRA,1952,0.016570,0.134581,-0.074744
FRA,1953,0.256234,0.019329,0.061208
FRA,1954,1.158557,0.090020,0.035900
FRA,1955,-0.046170,0.064691,0.021386
FRA,1956,0.001750,-0.061445,0.002134
FRA,1957,0.090507,-0.014853,0.005174
FRA,1958,-0.202290,-0.026496,-0.071407
FRA,1959,0.191152,0.078597,-0.021898
FRA,1960,-0.105408,0.006786,0.003090
FRA,1961,0.019458,0.028162,0.007303
FRA,1962,-0.147884,0.017772,-0.012576
FRA,1963,-0.219251,-0.015097,-0.006858
FRA,1964,-0.108384,0.011427,0.014872
FRA,1965,-0.076501,0.010115,0.010711
FRA,1966,-0.195482,-0.057184,0.017616
FRA,1967,-0.048485,0.027772,0.019537
FRA,1968,0.122932,-0.032871,0.015370
FRA,1969,0.166118,-0.087476,0.027479
FRA,1970,-0.133542,-0.142329,0.032102
FRA,1971,-0.105089,-0.010145,0.004198
FRA,1972,0.102670,0.027591,-0.010494
FRA,1973,-0.098257,-0.082817,0.014243
FRA,1974,-0.358860,-0.145423,-0.006505
FRA,1975,0.181440,0.082277,-0.033719
FRA,1976,-0.190815,-0.049036,-0.009719
FRA,1977,-0.240173,-0.005273,-0.003877
FRA,1978,0.483694,0.064616,-0.011630
FRA,1979,-0.014807,-0.151818,-0.014521
FRA,1980,-0.041916,-0.136922,-0.015080
FRA,1981,-0.215998,-0.109905,0.017523
FRA,1982,-0.014081,0.086241,0.025822
FRA,1983,0.449566,0.132068,0.028081
FRA,1984,0.063245,0.131400,0.037772
FRA,1985,0.295515,0.142292,0.038770
FRA,1986,0.348188,0.190109,0.050751
FRA,1987,-0.261863,-0.033485,0.045377
FRA,1988,0.580805,0.152747,0.046957
FRA,1989,0.264379,0.019954,0.053850
FRA,1990,-0.243790,0.003516,0.064465
FRA,1991,0.129979,0.136632,0.060818
FRA,1992,0.023413,0.057412,0.078035
FRA,1993,0.336288,0.310624,0.065078
FRA,1994,-0.157082,-0.137663,0.039712
FRA,1995,0.000941,0.150473,0.044773
FRA,1996,0.280562,0.152971,0.017115
FRA,1997,0.262480,0.162913,0.020127
FRA,1998,0.304473,0.220823,0.027236
FRA,1999,0.547964,-0.097568,0.021817
FRA,2000,-0.011235,0.070784,0.025223
FRA,2001,-0.205374,0.058814,0.025809
FRA,2002,-0.306074,0.072914,0.013458
FRA,2003,0.187313,0.031592,0.001734
FRA,2004,0.106281,0.120763,-0.001147
FRA,2005,0.262293,0.125210,0.003196
FRA,2006,0.205417,0.002659,0.011940
FRA,2007,0.015518,-0.109859,0.023412
FRA,2008,-0.425097,0.187903,0.007840
FRA,2009,0.289190,-0.064863,0.005591
FRA,2010,0.026180,0.077402,-0.011374
FRA,2011,-0.151801,-0.018508,-0.013889
FRA,2012,0.180615,0.166335,-0.018684
FRA,2013,0.211707,-0.046949,-0.008136
FRA,2014,0.021895,0.317142,-0.004482
FRA,2015,0.119026,-0.000232,-0.002365
FRA,2016,0.087406,0.033382,-0.005018
FRA,2017,0.172991,0.025261,-0.013715
FRA,2018,-0.091318,-0.008749,-0.021735
FRA,2019,0.269629,0.065636,-0.014835
FRA,2020,-0.013103,0.034371,-0.009682
GBR,1871,0.244477,0.030714,0.012130
GBR,1872,0.015377,-0.029402,-0.007641
GBR,1873,0.018138,0.012566,0.013482
GBR,1874,0.066908,0.063632,0.069390
GBR,1875,0.096126,0.077777,0.048930
GBR,1876,0.071615,0.036398,0.021966
GBR,1877,0.096375,0.051911,0.030614
GBR,1878,0.027812,0.045993,0.055521
GBR,1879,0.209728,0.112527,0.064435
GBR,1880,0.104951,0.014495,-0.006602
GBR,1881,0.179778,0.047244,0.040040
GBR,1882,0.005545,0.035324,0.023564
GBR,1883,0.008141,0.031817,0.035477
GBR,1884,0.062693,0.046463,0.052415
GBR,1885,0.061443,0.069018,0.052887
GBR,1886,0.043191,0.051829,0.037907
GBR,1887,0.036884,0.047026,0.029146
GBR,1888,0.128203,0.001837,0.016683
GBR,1889,0.077120,0.023695,0.012722
GBR,1890,0.040120,0.009812,0.034531
GBR,1891,-0.011023,0.017979,0.019166
GBR,1892,0.000299,0.046993,0.010259
GBR,1893,0.006143,0.042600,0.028499
GBR,1894,0.130102,0.101703,0.030306
GBR,1895,0.134545,0.071931,0.018182
GBR,1896,0.125476,0.071757,0.017753
GBR,1897,0.052512,0.022859,0.002759
GBR,1898,0.049252,-0.000228,0.023529
GBR,1899,0.039424,-0.069966,0.024628
GBR,1900,0.041484,-0.052665,-0.013701
GBR,1901,0.043881,-0.020942,0.026468
GBR,1902,0.058900,0.019486,0.029700
GBR,1903,0.012649,-0.031505,0.029980
GBR,1904,0.113427,0.043545,0.028858
GBR,1905,0.104980,0.031703,0.021514
GBR,1906,0.096300,-0.010846,0.039900
GBR,1907,-0.013439,-0.011728,0.032312
GBR,1908,0.040480,0.030791,0.018109
GBR,1909,0.105076,0.013114,0.017811
GBR,1910,0.005766,-0.021865,0.022398
GBR,1911,0.015021,0.001249,0.028072
GBR,1912,0.004293,-0.021799,0.006019
GBR,1913,-0.034099,-0.009211,0.047892
GBR,1914,0.002367,0.047825,0.032197
GBR,1915,-0.088000,-0.080889,-0.078578
GBR,1916,-0.174181,-0.325137,-0.109229
GBR,1917,-0.125319,-0.176807,-0.163019
GBR,1918,-0.010048,-0.075437,-0.151066
GBR,1919,-0.004945,-0.168268,-0.060127
GBR,1920,-0.318368,-0.197043,-0.079636
GBR,1921,0.085950,0.274233,0.144201
GBR,1922,0.467907,0.348456,0.192674
GBR,1923,0.073537,0.108745,0.091702
GBR,1924,0.210189,0.081088,0.041188
GBR,1925,0.147792,0.000138,0.037787
GBR,1926,0.074511,0.037051,0.053528
GBR,1927,0.112481,0.098041,0.068135
GBR,1928,0.168190,0.062499,0.044634
GBR,1929,-0.134549,-0.007028,0.062159
GBR,1930,-0.021195,0.164020,0.054321
GBR,1931,-0.165427,0.039245,0.082445
GBR,1932,0.378117,0.440638,0.041992
GBR,1933,0.270777,0.053791,0.027477
GBR,1934,0.140471,0.276968,0.007300
GBR,1935,0.131985,-0.037924,-0.001490
GBR,1936,0.183686,-0.004286,-0.001192
GBR,1937,-0.159027,-0.121890,-0.027466
GBR,1938,-0.112105,-0.037217,-0.009744
GBR,1939,-0.009464,-0.017957,-0.014397
GBR,1940,-0.185698,-0.007391,-0.135017
GBR,1941,0.107702,-0.002127,-0.088357
GBR,1942,0.105854,-0.040529,-0.056956
GBR,1943,0.073888,-0.037700,-0.023211
GBR,1944,0.094937,0.029455,-0.016553
GBR,1945,0.035618,0.116876,-0.018482
GBR,1946,0.141913,0.074307,-0.025218
GBR,1947,-0.089504,-0.199390,-0.060654
GBR,1948,-0.105626,-0.065023,-0.066760
GBR,1949,-0.082691,-0.114151,-0.022179
GBR,1950,0.067735,0.001402,-0.032703
GBR,1951,-0.007522,-0.171789,-0.077852
GBR,1952,-0.097526,-0.102440,-0.076368
GBR,1953,0.200777,0.098779,-0.012786
GBR,1954,0.452866,0.036874,-0.004907
GBR,1955,0.055125,-0.144560,-0.012570
GBR,1956,-0.136235,-0.077443,-0.002023
GBR,1957,-0.046126,-0.097723,0.009321
GBR,1958,0.436098,0.137536,0.016352
GBR,1959,0.539396,0.003815,0.027640
GBR,1960,0.010364,-0.078354,0.040633
GBR,1961,-0.013931,-0.108427,0.018293
GBR,1962,-0.036656,0.197491,-0.000273
GBR,1963,0.173368,0.014963,0.015315
GBR,1964,-0.083685,-0.054189,0.013187
GBR,1965,0.066347,0.001300,0.015853
GBR,1966,-0.075391,0.002066,0.020385
GBR,1967,0.312456,0.001035,0.034882
GBR,1968,0.424997,-0.060884,0.029166
GBR,1969,-0.162290,-0.051792,0.023102
GBR,1970,-0.093921,-0.028783,0.004707
GBR,1971,0.339868,0.159878,-0.035049
GBR,1972,0.085672,-0.105611,-0.015590
GBR,1973,-0.341550,-0.165835,0.000308
GBR,1974,-0.569652,-0.272177,-0.037600
GBR,1975,1.034278,0.109414,-0.102041
GBR,1976,-0.115261,-0.015345,-0.038971
GBR,1977,0.292474,0.266333,-0.063358
GBR,1978,0.011107,-0.093488,0.009656
GBR,1979,0.000979,-0.064548,0.014614
GBR,1980,0.170890,0.034483,-0.000298
GBR,1981,0.016256,-0.016304,0.010466
GBR,1982,0.188519,0.420042,0.030237
GBR,1983,0.227229,0.027572,0.044361
GBR,1984,0.262004,-0.004814,0.048361
GBR,1985,0.145005,0.142926,0.063644
GBR,1986,0.231224,0.089164,0.067882
GBR,1987,0.052768,0.142379,0.058379
GBR,1988,0.074449,0.029966,0.058219
GBR,1989,0.287260,0.028245,0.076421
GBR,1990,-0.155025,0.011575,0.066534
GBR,1991,0.123430,0.101827,0.030571
GBR,1992,0.149884,0.151108,0.044872
GBR,1993,0.244293,0.197881,0.026374
GBR,1994,-0.077743,-0.121511,0.031100
GBR,1995,0.198376,0.145180,0.035785
GBR,1996,0.130953,0.052384,0.033005
GBR,1997,0.213529,0.146672,0.045720
GBR,1998,0.119308,0.193113,0.051819
GBR,1999,0.221757,-0.054044,0.036626
GBR,2000,-0.066835,0.089269,0.049640
GBR,2001,-0.142772,0.017004,0.034835
GBR,2002,-0.232268,0.088385,0.025687
GBR,2003,0.185614,0.007397,0.021689
GBR,2004,0.111023,0.052243,0.030554
GBR,2005,0.191919,0.063146,0.024428
GBR,2006,0.137820,-0.027663,0.022685
GBR,2007,0.026960,0.037951,0.031344
GBR,2008,-0.321934,0.119409,0.006931
GBR,2009,0.262189,-0.036036,-0.016007
GBR,2010,0.105130,0.066026,-0.027088
GBR,2011,-0.075538,0.133484,-0.038135
GBR,2012,0.090611,0.009923,-0.024461
GBR,2013,0.175240,-0.084745,-0.022062
GBR,2014,-0.002618,0.139318,-0.010655
GBR,2015,0.010593,0.007272,0.003997
GBR,2016,0.146537,0.064245,-0.004543
GBR,2017,0.110711,0.010164,-0.022276
GBR,2018,-0.117561,-0.002605,-0.017563
GBR,2019,0.162868,0.038509,-0.010709
GBR,2020,-0.102478,0.048091,-0.008529
ITA,1871,0.729536,0.179000,0.023449
ITA,1872,0.153262,0.138688,
ITA,1873,-0.229716,-0.042169,
ITA,1874,-0.146309,0.038535,
ITA,1875,0.325107,0.321332,
ITA,1876,-0.021083,0.004018,
ITA,1877,0.064327,0.015650,
ITA,1878,0.118763,0.145149,
ITA,1879,0.254722,0.162981,
ITA,1880,-0.026477,0.073853,
ITA,1881,0.205002,0.110908,
ITA,1882,-0.022498,0.063049,
ITA,1883,0.109996,0.081046,
ITA,1884,0.104932,0.154292,
ITA,1885,0.084341,0.036759,0.017470
ITA,1886,0.086050,0.080919,0.046191
ITA,1887,0.038817,0.035842,0.054909
ITA,1888,0.022925,0.019149,0.034479
ITA,1889,-0.002406,0.013440,0.034961
ITA,1890,-0.066492,0.008390,0.016362
ITA,1891,-0.141237,0.024669,0.045865
ITA,1892,-0.017538,0.069626,0.043992
ITA,1893,0.068295,0.074696,0.083526
ITA,1894,-0.049680,-0.019964,0.044639
ITA,1895,0.165295,0.207495,0.035773
ITA,1896,-0.015183,0.048603,0.044686
ITA,1897,0.020699,0.089076,0.032326
ITA,1898,0.187755,0.059322,0.028036
ITA,1899,0.245853,0.070156,0.066742
ITA,1900,0.043151,0.028670,0.040264
ITA,1901,0.038620,0.054502,0.038820
ITA,1902,-0.009669,0.070437,0.052151
ITA,1903,0.131647,0.002172,0.010052
ITA,1904,0.100202,0.029684,0.021312
ITA,1905,0.133657,0.059062,0.048850
ITA,1906,0.036445,0.040530,0.030849
ITA,1907,0.011354,0.009127,0.007439
ITA,1908,-0.023496,0.059002,0.048239
ITA,1909,0.026903,0.075069,0.072477
ITA,1910,0.009933,0.008668,0.021707
ITA,1911,-0.023680,-0.001652,0.029400
ITA,1912,-0.010406,0.046804,0.047963
ITA,1913,-0.050679,0.039834,0.051642
ITA,1914,-0.160706,0.012100,0.042500
ITA,1915,0.138571,-0.161068,
ITA,1916,-0.072057,-0.159878,
ITA,1917,-0.140106,-0.373089,
ITA,1918,-0.132852,-0.282740,
ITA,1919,0.000517,0.067954,
ITA,1920,-0.377064,-0.325842,
ITA,1921,-0.253812,-0.132908,
ITA,1922,0.285576,0.109833,0.064384
ITA,1923,0.384940,0.054131,0.059940
ITA,1924,0.715703,0.245782,0.017675
ITA,1925,-0.154647,-0.099618,-0.046164
ITA,1926,-0.434868,-0.078269,0.005279
ITA,1927,0.447368,0.044379,0.178216
ITA,1928,0.333453,0.199339,0.137947
ITA,1929,-0.124785,-0.004117,0.050109
ITA,1930,-0.115382,0.108492,0.094702
ITA,1931,-0.195465,0.191031,0.173328
ITA,1932,0.010878,0.098706,0.087304
ITA,1933,0.435998,0.210005,0.104070
ITA,1934,0.248801,0.501774,0.093964
ITA,1935,0.102974,-0.134602,0.030372
ITA,1936,0.262020,-0.084077,-0.023739
ITA,1937,0.024915,-0.050235,-0.040407
ITA,1938,-0.086373,-0.020253,-0.022557
ITA,1939,0.356408,-0.040002,0.008075
ITA,1940,0.011349,-0.081272,-0.098027
ITA,1941,0.114492,-0.079652,-0.090289
ITA,1942,0.034269,-0.095184,-0.092243
ITA,1943,0.204020,-0.554801,-0.373710
ITA,1944,-0.433999,-0.700815,-0.763498
ITA,1945,-0.728868,-0.404167,-0.468353
ITA,1946,1.204705,-0.087462,-0.112769
ITA,1947,-0.545040,-0.402466,-0.352961
ITA,1948,0.204246,0.036379,-0.005856
ITA,1949,0.093411,0.150079,0.041346
ITA,1950,0.105599,0.037938,0.054394
ITA,1951,-0.005405,-0.115164,-0.083787
ITA,1952,0.392900,0.066068,0.024548
ITA,1953,0.066651,0.014625,0.027116
ITA,1954,0.308468,0.023733,0.010133
ITA,1955,0.043190,0.009087,0.011062
ITA,1956,0.016143,-0.000291,0.011937
ITA,1957,0.021973,0.051386,0.027028
ITA,1958,0.256668,0.095532,0.010145
ITA,1959,0.604003,0.076684,0.036300
ITA,1960,0.213650,0.046602,0.022296
ITA,1961,0.026025,0.031741,0.009029
ITA,1962,-0.170568,0.022318,-0.004592
ITA,1963,-0.175364,-0.078989,-0.037222
ITA,1964,-0.265850,-0.003793,-0.021272
ITA,1965,0.200184,0.023751,-0.007798
ITA,1966,-0.022159,0.001607,0.003765
ITA,1967,0.015517,0.018373,0.004726
ITA,1968,0.034412,0.027778,0.015294
ITA,1969,0.165883,-0.011515,0.029808
ITA,1970,-0.204537,-0.019073,0.024543
ITA,1971,-0.177365,0.058067,0.002405
ITA,1972,0.080396,0.004700,-0.000403
ITA,1973,0.081080,-0.059434,-0.034483
ITA,1974,-0.395384,-0.244105,-0.040476
ITA,1975,-0.161239,-0.044809,-0.053390
ITA,1976,-0.206849,-0.147745,-0.007728
ITA,1977,-0.362766,-0.094611,-0.028921
ITA,1978,0.173914,0.019425,-0.001072
ITA,1979,-0.040969,-0.049219,-0.018515
ITA,1980,0.515930,-0.109176,-0.044210
ITA,1981,-0.080730,-0.126287,0.016198
ITA,1982,-0.216227,-0.038392,0.026247
ITA,1983,0.156438,0.027913,0.028524
ITA,1984,0.083736,0.146364,0.040795
ITA,1985,0.830792,0.053090,0.041233
ITA,1986,0.638219,0.114046,0.052998
ITA,1987,-0.317300,0.066920,0.057261
ITA,1988,0.217585,0.039051,0.057780
ITA,1989,0.059155,0.044655,0.059855
ITA,1990,-0.323986,0.076526,0.055235
ITA,1991,-0.012312,0.093760,0.058669
ITA,1992,-0.066038,0.038198,0.087914
ITA,1993,0.449124,0.341961,0.058428
ITA,1994,0.052328,-0.143564,0.049387
ITA,1995,-0.052509,0.154231,0.053259
ITA,1996,0.038035,0.264708,0.043320
ITA,1997,0.568186,0.172921,0.044036
ITA,1998,0.422951,0.153475,0.025099
ITA,1999,0.210561,-0.082509,0.013336
ITA,2000,0.061198,0.050312,0.018984
ITA,2001,-0.239431,0.041008,0.016881
ITA,2002,-0.206381,0.088238,0.006365
ITA,2003,0.140089,0.018813,-0.006079
ITA,2004,0.235898,0.080535,-0.001733
ITA,2005,0.182867,0.041891,-0.000338
ITA,2006,0.195663,-0.028799,0.009322
ITA,2007,-0.060966,-0.001690,0.019713
ITA,2008,-0.486340,0.038518,0.002564
ITA,2009,0.216337,0.086173,0.001879
ITA,2010,-0.089340,-0.023052,-0.004785
ITA,2011,-0.235627,-0.091533,-0.001456
ITA,2012,0.094401,0.205493,-0.013743
ITA,2013,0.213329,0.075118,-0.003846
ITA,2014,0.032249,0.193134,0.001898
ITA,2015,0.174663,0.044865,-0.000604
ITA,2016,-0.045823,0.016835,-0.001201
ITA,2017,0.164462,0.018034,-0.016440
ITA,2018,-0.134946,-0.005428,-0.011085
ITA,2019,0.273625,0.236414,-0.006896
ITA,2020,-0.040405,0.127241,-0.000547
JPN,1886,1.205739,0.341350,0.188392
JPN,1887,-0.106686,-0.004251,-0.024302
JPN,1888,0.091964,0.049230,0.054406
JPN,1889,0.232179,0.011450,-0.019275
JPN,1890,-0.235240,-0.030608,-0.023136
JPN,1891,0.083677,0.216698,0.086058
JPN,1892,0.680902,0.141022,0.111093
JPN,1893,0.060806,0.077176,0.021184
JPN,1894,0.206094,-0.093878,0.009468
JPN,1895,0.228865,-0.033404,-0.046409
JPN,1896,0.403208,-0.060715,-0.050464
JPN,1897,-0.411209,-0.077070,-0.057615
JPN,1898,-0.318735,-0.025675,-0.025641
JPN,1899,0.410990,0.119101,0.111033
JPN,1900,-0.253954,-0.098935,-0.057263
JPN,1901,-0.064186,0.026071,0.082801
JPN,1902,0.363615,0.062142,0.012760
JPN,1903,0.113340,0.014336,-0.005949
JPN,1904,-0.009128,-0.038308,0.019819
JPN,1905,0.411631,0.069386,0.008190
JPN,1906,0.824809,0.044577,0.023893
JPN,1907,-0.203987,-0.085419,-0.055151
JPN,1908,-0.317441,0.102774,0.087065
JPN,1909,0.392925,0.202356,0.083865
JPN,1910,0.333275,0.090091,0.031661
JPN,1911,-0.175176,-0.104138,-0.035801
JPN,1912,0.038915,-0.061091,-0.006840
JPN,1913,-0.029119,0.003360,0.017965
JPN,1914,0.051181,0.095005,0.138689
JPN,1915,0.417914,0.219080,0.105525
JPN,1916,0.809640,-0.025590,-0.043296
JPN,1917,-0.239679,-0.147963,-0.152023
JPN,1918,-0.114012,-0.241366,-0.224441
JPN,1919,0.027779,-0.230569,-0.214234
JPN,1920,-0.073511,-0.031427,0.006394
JPN,1921,-0.046720,0.182042,0.140518
JPN,1922,-0.023596,0.075891,0.066928
JPN,1923,0.089765,0.078881,0.060592
JPN,1924,0.064779,0.055789,0.041022
JPN,1925,0.109083,0.065051,0.038302
JPN,1926,0.218020,0.114047,0.100909
JPN,1927,-0.050802,0.124037,0.061223
JPN,1928,0.149752,0.110166,0.085884
JPN,1929,-0.087284,0.063374,0.063073
JPN,1930,-0.191982,0.172494,0.156186
JPN,1931,0.271349,0.138599,0.174787
JPN,1932,0.122354,0.169512,0.024662
JPN,1933,0.298016,0.065048,0.001571
JPN,1934,0.045232,0.028895,0.016607
JPN,1935,0.066930,0.034249,0.006067
JPN,1936,0.057379,0.005774,0.004284
JPN,1937,0.091958,-0.028757,-0.047077
JPN,1938,-0.109210,-0.038708,-0.062685
JPN,1939,-0.038537,-0.066887,-0.081362
JPN,1940,-0.057646,-0.114249,-0.116816
JPN,1941,-0.190524,0.023969,0.012628
JPN,1942,0.215013,0.009963,-0.000742
JPN,1943,0.160007,-0.021428,-0.031707
JPN,1944,-0.207483,-0.233067,-0.241345
JPN,1945,-0.903472,-0.903537,-0.904578
JPN,1948,-0.161530,-0.406005,-0.412485
JPN,1949,0.615534,-0.199923,-0.215088
JPN,1950,-0.224979,0.132785,0.111525
JPN,1951,0.204974,-0.105688,-0.118403
JPN,1952,0.724166,0.004862,-0.009425
JPN,1953,0.473229,-0.009885,-0.023962
JPN,1954,-0.134600,-0.001052,-0.022850
JPN,1955,0.225824,0.076016,0.052536
JPN,1956,0.458079,0.058674,0.035378
JPN,1957,0.140852,0.031121,0.084017
JPN,1958,0.130139,0.067803,0.101632
JPN,1959,0.524299,0.054074,0.074232
JPN,1960,0.312476,0.024719,0.043686
JPN,1961,0.143180,0.010042,0.027701
JPN,1962,-0.081366,-0.002219,0.020352
JPN,1963,0.027700,-0.011981,-0.001638
JPN,1964,-0.121886,0.030242,0.060431
JPN,1965,-0.057078,0.007272,0.003646
JPN,1966,0.195846,0.017627,0.005635
JPN,1967,0.017431,0.024655,0.024830
JPN,1968,0.080435,0.011529,0.023848
JPN,1969,0.272465,0.011978,0.022191
JPN,1970,0.016021,-0.009129,0.006044
JPN,1971,0.062822,0.006511,0.003251
JPN,1972,0.540445,0.039432,0.000867
JPN,1973,0.174409,-0.104504,-0.038558
JPN,1974,-0.296949,-0.151613,-0.096309
JPN,1975,-0.060200,-0.034199,-0.010272
JPN,1976,0.047948,-0.011644,-0.022112
JPN,1977,0.020826,0.126561,-0.021261
JPN,1978,0.095523,0.033947,0.005025
JPN,1979,0.063574,-0.091962,0.022214
JPN,1980,-0.015502,-0.013218,0.026575
JPN,1981,0.120675,0.086092,0.024255
JPN,1982,-0.020167,0.073534,0.041435
JPN,1983,0.201266,0.092123,0.044945
JPN,1984,0.246928,0.105359,0.037859
JPN,1985,0.191871,0.097056,0.052489
JPN,1986,0.308525,0.054154,0.042921
JPN,1987,0.473599,0.044855,0.035587
JPN,1988,0.088542,0.041327,0.030689
JPN,1989,0.180795,-0.029975,0.028414
JPN,1990,-0.157798,-0.046886,0.041760
JPN,1991,-0.182086,0.123979,0.040904
JPN,1992,-0.273162,0.097276,0.029653
JPN,1993,0.114865,0.134899,0.017033
JPN,1994,0.058454,-0.068374,0.015278
JPN,1995,-0.136013,0.158824,0.013081
JPN,1996,0.168713,0.070755,0.003760
JPN,1997,-0.143129,0.088489,-0.012675
JPN,1998,-0.154359,0.018186,-0.002690
JPN,1999,0.208473,0.047970,0.003329
JPN,2000,0.128803,0.022244,0.008458
JPN,2001,-0.212066,0.063285,0.008036
JPN,2002,-0.160663,0.077714,0.009438
JPN,2003,-0.043047,-0.024489,0.002606
JPN,2004,0.253030,0.017748,0.000111
JPN,2005,0.157174,0.022891,0.002850
JPN,2006,0.268493,0.001969,-0.001269
JPN,2007,0.026218,0.038154,0.004096
JPN,2008,-0.283389,0.040401,-0.009105
JPN,2009,-0.239662,0.023488,0.014745
JPN,2010,0.045301,0.046740,0.008214
JPN,2011,-0.045642,0.037121,0.003512
JPN,2012,-0.043106,0.036729,0.001388
JPN,2013,0.715796,0.013468,-0.002671
JPN,2014,0.074192,0.025373,-0.026211
JPN,2015,0.102920,0.009814,-0.007138
JPN,2016,0.006347,0.164000,0.000561
JPN,2017,0.213500,-0.005725,-0.005456
JPN,2018,-0.160008,0.023367,-0.010338
JPN,2019,0.179280,0.041727,-0.005336
JPN,2020,0.078591,0.004716,-0.000060
NLD,1900,0.002084,-0.068019,-0.029172
NLD,1901,0.026730,0.080317,0.048262
NLD,1902,0.016554,0.019482,0.016268
NLD,1903,0.000056,-0.021946,0.005985
NLD,1904,0.106359,0.001586,-0.009445
NLD,1905,0.155010,0.034342,0.055123
NLD,1906,0.017824,-0.040742,-0.022920
NLD,1907,-0.054419,-0.018978,0.026038
NLD,1908,0.142245,0.059542,0.052487
NLD,1909,0.128813,0.029467,0.018505
NLD,1910,-0.041454,-0.003763,0.007995
NLD,1911,0.122468,-0.076025,0.003520
NLD,1912,0.030038,-0.014801,0.028080
NLD,1913,-0.028029,-0.014783,0.008934
NLD,1914,0.005689,0.028237,0.030000
NLD,1915,-0.076019,-0.181752,-0.106435
NLD,1916,0.095496,-0.008247,-0.085031
NLD,1917,0.084747,-0.085756,-0.033600
NLD,1918,-0.191440,-0.179167,-0.135393
NLD,1919,0.069814,-0.128745,-0.043924
NLD,1920,-0.318755,-0.112997,-0.059670
NLD,1921,-0.034849,0.267151,0.193731
NLD,1922,-0.120076,0.275877,0.174493
NLD,1923,0.099654,0.061470,0.061832
NLD,1924,0.011469,0.080420,0.034714
NLD,1925,0.156786,0.147184,0.038160
NLD,1926,0.182628,0.099852,0.073113
NLD,1927,0.151113,0.032375,0.036700
NLD,1928,0.076791,0.059033,0.034801
NLD,1929,0.058368,0.018949,0.055796
NLD,1930,-0.179858,0.144058,0.059176
NLD,1931,-0.200936,-0.040389,0.079641
NLD,1932,-0.250385,0.335643,0.086315
NLD,1933,0.180612,0.011601,0.019791
NLD,1934,0.102692,0.124092,0.008900
NLD,1935,0.089910,0.015325,0.068982
NLD,1936,0.296396,0.168895,0.064343
NLD,1937,0.520681,-0.022062,-0.051773
NLD,1938,-0.062661,0.015729,-0.016070
NLD,1939,-0.035956,-0.192071,0.002209
NLD,1940,1.004419,-0.034372,-0.111712
NLD,1941,-0.367986,-0.015199,-0.108345
NLD,1942,0.032714,0.005607,-0.051589
NLD,1943,0.174684,0.035796,-0.018591
NLD,1944,0.032516,-0.016917,-0.019651
NLD,1945,-0.203930,-0.040666,-0.116459
NLD,1946,-0.179458,-0.063380,-0.072333
NLD,1947,0.171406,-0.008607,-0.022696
NLD,1948,0.092965,-0.009271,-0.021931
NLD,1949,-0.083550,-0.023348,-0.044933
NLD,1950,-0.059491,-0.075790,-0.056680
NLD,1951,-0.071777,-0.175202,-0.080543
NLD,1952,-0.047338,0.110619,0.029804
NLD,1953,0.226242,0.085356,0.030113
NLD,1954,0.662903,0.009998,-0.009862
NLD,1955,0.205736,-0.024888,0.010253
NLD,1956,0.090253,-0.091259,0.011848
NLD,1957,-0.130624,-0.161484,-0.024650
NLD,1958,0.373105,0.031836,0.014893
NLD,1959,0.313567,0.005854,0.026427
NLD,1960,0.050227,0.050250,0.013824
NLD,1961,0.040408,0.045947,0.023995
NLD,1962,-0.073596,-0.010005,0.014200
NLD,1963,0.096074,-0.064806,0.003826
NLD,1964,0.108252,-0.053850,-0.016682
NLD,1965,-0.121710,-0.104764,-0.010042
NLD,1966,-0.189975,-0.047874,0.005937
NLD,1967,0.285745,0.002710,0.021113
NLD,1968,0.298439,-0.049834,0.014615
NLD,1969,-0.097812,-0.096757,0.003042
NLD,1970,-0.078108,0.090764,0.041233
NLD,1971,-0.119376,-0.003303,-0.024448
NLD,1972,0.213978,-0.056666,-0.054411
NLD,1973,-0.201266,-0.154076,-0.014606
NLD,1974,-0.262953,0.059730,-0.003697
NLD,1975,0.338076,0.017522,-0.054851
NLD,1976,-0.033236,0.012422,-0.016291
NLD,1977,0.026557,0.044011,-0.025170
NLD,1978,0.016293,0.009888,0.020737
NLD,1979,0.066026,-0.008066,0.046264
NLD,1980,0.113370,-0.037650,0.033635
NLD,1981,-0.068783,-0.016080,0.039937
NLD,1982,0.172314,0.285399,0.020778
NLD,1983,0.561067,-0.002233,0.023936
NLD,1984,0.240396,0.126134,0.024295
NLD,1985,0.302035,0.072256,0.039915
NLD,1986,0.093920,0.076369,0.055761
NLD,1987,-0.173043,0.080983,0.061102
NLD,1988,0.342232,0.054479,0.040401
NLD,1989,0.261314,-0.033667,0.062387
NLD,1990,-0.152098,-0.024623,0.060792
NLD,1991,0.151211,0.089823,0.059616
NLD,1992,0.045938,0.138934,0.059785
NLD,1993,0.435375,0.159331,0.041624
NLD,1994,-0.005021,-0.108420,0.023104
NLD,1995,0.175542,0.191137,0.024031
NLD,1996,0.374733,0.063370,0.009024
NLD,1997,0.422600,0.067518,0.014520
NLD,1998,0.201443,0.142016,0.016413
NLD,1999,0.280421,-0.092674,0.009088
NLD,2000,-0.043738,0.067958,0.019964
NLD,2001,-0.231471,-0.002829,-0.008094
NLD,2002,-0.353163,0.080627,-0.005131
NLD,2003,0.068129,0.023468,0.001037
NLD,2004,0.082383,0.087237,0.007136
NLD,2005,0.284035,0.054135,0.006836
NLD,2006,0.181844,-0.023865,0.014036
NLD,2007,0.064755,-0.003587,0.026491
NLD,2008,-0.505565,0.098553,0.023682
NLD,2009,0.431434,0.035007,0.002538
NLD,2010,0.082491,0.058582,-0.001178
NLD,2011,-0.114708,0.101771,-0.010528
NLD,2012,0.094905,0.082646,-0.021844
NLD,2013,0.155928,-0.053768,-0.022764
NLD,2014,0.092748,0.177548,-0.001105
NLD,2015,0.078764,-0.003680,-0.002383
NLD,2016,0.076316,0.098488,-0.003733
NLD,2017,0.148288,-0.011154,-0.016069
NLD,2018,-0.106869,0.005697,-0.018896
NLD,2019,0.299121,0.037730,-0.029471
NLD,2020,0.150454,0.026612,-0.015248
NOR,1881,0.073041,0.036183,0.033212
NOR,1882,0.017342,0.034237,0.036021
NOR,1883,0.064691,0.048723,0.026169
NOR,1884,0.090074,0.115534,0.076327
NOR,1885,0.092601,0.099492,0.081043
NOR,1886,0.047371,0.094122,0.077958
NOR,1887,0.013891,0.067967,0.054204
NOR,1888,0.070005,0.035209,0.021929
NOR,1889,0.186058,0.038926,0.010553
NOR,1890,0.095798,0.021676,0.014905
NOR,1891,-0.042215,-0.042787,-0.008375
NOR,1892,-0.022059,0.066858,0.059662
NOR,1893,0.028907,0.087678,0.096654
NOR,1894,0.073409,0.107329,0.062746
NOR,1895,0.063156,0.038685,0.028300
NOR,1896,0.095380,0.022997,0.009804
NOR,1897,0.103336,0.049946,0.054916
NOR,1898,0.012130,-0.012667,0.004821
NOR,1899,-0.058982,-0.061339,-0.003226
NOR,1900,-0.039345,-0.014765,0.010940
NOR,1901,0.037560,0.109282,0.067056
NOR,1902,0.005915,0.059233,0.026544
NOR,1903,-0.059436,-0.004404,0.018437
NOR,1904,0.011897,0.016658,0.042050
NOR,1905,0.076158,0.004322,0.003375
NOR,1906,0.169696,0.045833,0.043813
NOR,1907,0.036626,-0.047922,0.011151
NOR,1908,0.040564,0.071010,0.040512
NOR,1909,0.108797,0.086116,0.064469
NOR,1910,0.047732,-0.030015,-0.001195
NOR,1911,0.071941,-0.005204,0.015446
NOR,1912,-0.049812,-0.069341,-0.017063
NOR,1913,-0.001678,-0.010307,0.006840
NOR,1914,0.010194,0.000567,0.026368
NOR,1915,0.032069,-0.210282,-0.089777
NOR,1916,0.113414,-0.115339,-0.126996
NOR,1917,-0.014216,-0.174465,-0.158539
NOR,1918,-0.325861,-0.266236,-0.252625
NOR,1919,-0.175784,-0.098656,-0.021253
NOR,1920,-0.310560,-0.206405,-0.093969
NOR,1921,-0.208789,0.171479,0.141937
NOR,1922,0.269258,0.344479,0.247687
NOR,1923,0.185755,0.062624,0.103699
NOR,1924,0.103123,-0.050841,-0.039032
NOR,1925,-0.054565,0.071000,0.021193
NOR,1926,0.128971,0.292801,0.226205
NOR,1927,0.135386,0.122031,0.139696
NOR,1928,0.184939,0.163740,0.115881
NOR,1929,0.133206,0.105636,0.087319
NOR,1930,-0.031865,0.129986,0.062024
NOR,1931,-0.073804,0.040967,0.091570
NOR,1932,0.051753,0.157136,0.054385
NOR,1933,0.239254,0.035742,0.041728
NOR,1934,0.113936,0.118241,0.022522
NOR,1935,0.291524,0.008053,0.002888
NOR,1936,0.318855,0.005123,-0.000604
NOR,1937,0.050168,0.015937,-0.038454
NOR,1938,-0.015402,0.035823,-0.007800
NOR,1939,0.024802,-0.137747,0.013463
NOR,1940,-0.008317,-0.024344,-0.123051
NOR,1941,0.038456,-0.006987,-0.129800
NOR,1942,0.160805,-0.034934,-0.037776
NOR,1943,0.039504,0.031975,-0.004356
NOR,1944,-0.034597,0.008645,0.007607
NOR,1945,-0.122243,0.057639,0.001905
NOR,1946,-0.049782,0.026944,-0.009702
NOR,1947,0.085571,0.014850,0.009968
NOR,1948,0.117279,0.042535,0.021933
NOR,1949,-0.041694,0.018765,0.013737
NOR,1950,0.122919,-0.058654,-0.035501
NOR,1951,-0.029921,-0.131383,-0.123821
NOR,1952,-0.101663,-0.050346,-0.068830
NOR,1953,-0.031051,-0.003273,-0.005060
NOR,1954,0.238423,-0.032223,-0.028096
NOR,1955,0.078687,-0.090410,0.010362
NOR,1956,0.135010,0.004033,-0.015725
NOR,1957,-0.141013,-0.012677,-0.005777
NOR,1958,-0.079361,0.010126,-0.026004
NOR,1959,0.107184,0.030996,-0.000381
NOR,1960,0.098011,0.040763,0.018674
NOR,1961,0.060756,0.002500,-0.002979
NOR,1962,-0.230629,0.000566,-0.027086
NOR,1963,0.079054,0.040209,-0.001798
NOR,1964,-0.025091,-0.017121,-0.029747
NOR,1965,-0.069494,-0.007774,-0.015949
NOR,1966,-0.114954,0.014416,-0.006514
NOR,1967,-0.074532,0.014481,-0.015715
NOR,1968,0.102880,0.014902,-0.006956
NOR,1969,0.181322,-0.076742,0.003942
NOR,1970,0.232365,-0.044466,-0.061036
NOR,1971,-0.235264,-0.011051,-0.022768
NOR,1972,0.090790,0.001741,-0.031778
NOR,1973,0.339101,-0.032607,-0.031798
NOR,1974,-0.383499,-0.117646,-0.045513
NOR,1975,-0.210237,-0.044582,-0.062805
NOR,1976,0.026356,-0.010811,-0.039488
NOR,1977,-0.281928,-0.092809,-0.036434
NOR,1978,0.012184,0.010287,-0.016862
NOR,1979,0.539997,-0.090600,0.020017
NOR,1980,-0.140539,-0.016256,-0.033962
NOR,1981,0.063996,-0.174522,-0.053464
NOR,1982,-0.210676,0.030351,-0.029482
NOR,1983,0.778452,0.100783,-0.000286
NOR,1984,0.244681,0.078285,0.022967
NOR,1985,0.285096,0.013344,0.031365
NOR,1986,-0.128835,0.064017,0.020835
NOR,1987,-0.179801,0.059221,0.019904
NOR,1988,0.253584,0.136507,0.041627
NOR,1989,0.528191,0.104930,0.045378
NOR,1990,-0.114424,0.079523,0.046459
NOR,1991,-0.146288,0.113877,0.051047
NOR,1992,-0.069537,0.112309,0.061635
NOR,1993,0.558237,0.297886,0.040564
NOR,1994,0.098698,-0.114954,0.026050
NOR,1995,0.139985,0.165521,0.015261
NOR,1996,0.317827,0.081919,0.024199
NOR,1997,0.333367,0.084631,0.001854
NOR,1998,-0.286652,0.039277,0.015435
NOR,1999,0.442980,-0.027386,0.026647
NOR,2000,0.011517,0.042126,0.017499
NOR,2001,-0.171136,0.007952,0.027108
NOR,2002,-0.319627,0.088036,0.042175
NOR,2003,0.448139,0.127837,0.012048
NOR,2004,0.378040,0.089835,0.009104
NOR,2005,0.383713,0.056339,-0.001399
NOR,2006,0.294169,-0.028057,-0.003050
NOR,2007,0.106544,0.004499,0.027212
NOR,2008,-0.557288,0.083644,0.011698
NOR,2009,0.612870,-0.002732,0.002576
NOR,2010,0.155745,0.056554,-0.003020
NOR,2011,-0.135800,0.138203,0.010454
NOR,2012,0.145506,0.054197,0.016789
NOR,2013,0.210124,-0.068261,0.001256
NOR,2014,0.028689,0.136496,0.001028
NOR,2015,0.036868,0.003206,-0.007474
NOR,2016,0.141525,-0.035261,-0.026903
NOR,2017,0.164458,0.003855,-0.011095
NOR,2018,-0.027116,-0.030957,-0.019818
NOR,2019,0.122780,0.001550,-0.012185
NOR,2020,0.021575,0.026912,-0.006665
PRT,1871,0.217235,0.316082,
PRT,1872,0.178820,0.179948,
PRT,1873,-0.166795,-0.166545,
PRT,1874,0.363982,0.316720,
PRT,1875,0.079876,0.172059,
PRT,1876,0.010176,-0.011550,
PRT,1877,-0.118348,-0.058100,
PRT,1878,-0.023282,0.062177,
PRT,1879,0.148136,0.153299,
PRT,1880,0.228905,0.129804,0.137028
PRT,1881,0.188137,0.111540,0.024780
PRT,1882,0.004266,-0.005721,0.043573
PRT,1883,0.094187,0.110851,0.111570
PRT,1884,0.040161,0.083183,0.146041
PRT,1885,0.029316,0.056143,0.105429
PRT,1886,0.114809,0.175734,0.015972
PRT,1887,0.127963,0.119120,0.077686
PRT,1888,0.142855,0.189388,0.045000
PRT,1889,-0.025907,-0.037297,-0.037500
PRT,1890,-0.233394,-0.183023,-0.054419
PRT,1891,-0.119790,-0.150279,0.108675
PRT,1892,0.004209,-0.224201,0.035059
PRT,1893,-0.016279,0.128521,0.035632
PRT,1894,0.218906,0.135120,0.026404
PRT,1895,0.216507,0.285228,0.123095
PRT,1896,0.108741,0.012526,0.047529
PRT,1897,-0.056172,-0.091545,-0.020652
PRT,1898,0.053361,-0.060030,0.015833
PRT,1899,0.155505,0.325791,0.072340
PRT,1900,0.142291,0.207416,0.084615
PRT,1901,0.110584,0.165506,0.061667
PRT,1902,0.158512,0.111302,0.086207
PRT,1903,0.059892,0.031774,0.015000
PRT,1904,0.029613,0.022050,-0.015625
PRT,1905,0.084091,0.143212,0.061053
PRT,1906,0.059008,0.091472,0.050000
PRT,1907,0.020625,0.073489,0.055000
PRT,1908,-0.012535,-0.024068,0.029167
PRT,1909,0.075314,0.064836,0.039175
PRT,1910,-0.011709,0.084727,0.100376
PRT,1911,-0.054557,-0.015030,-0.008939
PRT,1912,0.084185,0.085433,0.065765
PRT,1913,0.026770,0.058866,0.023663
PRT,1914,0.068971,0.071119,0.065550
PRT,1915,0.003400,-0.030325,-0.058036
PRT,1916,-0.074448,-0.132432,-0.137518
PRT,1917,-0.035354,-0.051883,-0.107809
PRT,1918,-0.205695,-0.403715,-0.416689
PRT,1919,0.003546,-0.065822,-0.077269
PRT,1920,-0.468167,-0.362735,-0.381983
PRT,1921,-0.136150,-0.200128,-0.317272
PRT,1922,0.303362,-0.076407,-0.114986
PRT,1923,-0.280463,-0.403248,-0.305962
PRT,1924,-0.351052,-0.250904,-0.215782
PRT,1925,0.055009,0.218440,0.133959
PRT,1926,0.116646,0.389893,0.127935
PRT,1927,0.253647,0.031818,0.005753
PRT,1928,0.305523,0.235302,0.128550
PRT,1929,-0.162999,0.151381,0.037916
PRT,1930,-0.140701,0.163520,0.131554
PRT,1931,-0.185215,0.182079,0.206035
PRT,1932,0.119525,0.137019,0.087404
PRT,1933,0.186778,0.166049,0.055542
PRT,1934,0.260871,0.265131,0.039329
PRT,1935,0.059246,0.069427,0.047870
PRT,1936,0.067704,0.050891,0.019159
PRT,1937,-0.011284,-0.003528,0.000419
PRT,1938,0.075687,0.079641,0.073186
PRT,1939,-0.021191,0.044101,0.104526
PRT,1940,-0.057217,-0.055934,-0.007108
PRT,1941,0.146118,-0.031534,-0.079134
PRT,1942,0.429825,-0.033822,-0.152636
PRT,1943,-0.096406,-0.060544,-0.093345
PRT,1944,0.106119,-0.029575,-0.008616
PRT,1945,-0.017312,-0.023080,-0.064295
PRT,1946,-0.173102,-0.090666,-0.103784
PRT,1947,-0.079687,-0.059889,-0.017853
PRT,1948,0.102448,0.174935,0.230233
PRT,1949,-0.232097,-0.291645,-0.125641
PRT,1950,0.034948,0.077910,0.040560
PRT,1951,0.161368,0.093088,-0.000126
PRT,1952,0.150974,0.068494,0.015926
PRT,1953,0.111958,0.040549,0.008399
PRT,1954,0.291945,0.118114,0.009502
PRT,1955,-0.035196,-0.034362,-0.015693
PRT,1956,-0.050736,-0.018523,-0.022899
PRT,1957,-0.034520,0.005864,0.019760
PRT,1958,-0.062867,0.055719,0.006823
PRT,1959,0.097604,0.006243,0.006711
PRT,1960,0.057096,-0.011601,-0.002124
PRT,1961,-0.021462,-0.024705,0.025021
PRT,1962,-0.063157,-0.004865,0.026710
PRT,1963,0.131139,0.027189,0.000229
PRT,1964,0.138065,0.002371,-0.021652
PRT,1965,0.060535,0.018167,-0.002428
PRT,1966,0.114589,-0.045068,0.002020
PRT,1967,-0.082277,-0.075394,-0.008855
PRT,1968,0.033047,-0.044511,0.014868
PRT,1969,0.284403,-0.033447,0.007925
PRT,1970,0.046379,-0.019325,-0.005078
PRT,1971,0.112513,-0.072374,-0.024701
PRT,1972,0.352003,-0.009299,-0.033636
PRT,1973,0.614049,0.061095,-0.022627
PRT,1974,-0.444112,-0.309635,-0.218534
PRT,1975,-0.530108,-0.326680,-0.084631
PRT,1976,-0.538316,-0.324060,-0.092332
PRT,1977,-0.579461,-0.367599,-0.153656
PRT,1978,-0.385535,-0.001734,-0.065802
PRT,1979,0.132996,-0.052217,-0.074377
PRT,1980,0.748812,0.077160,-0.071343
PRT,1981,-0.406470,-0.056440,-0.058923
PRT,1982,-0.309307,-0.050371,-0.081550
PRT,1983,-0.232338,-0.060698,-0.057816
PRT,1984,-0.168872,0.012726,-0.058437
PRT,1985,0.980611,0.088084,0.004734
PRT,1986,0.723360,0.153633,0.024352
PRT,1987,0.941085,0.053611,0.041580
PRT,1988,-0.342548,0.012906,0.027477
PRT,1989,0.169521,-0.004726,0.019778
PRT,1990,-0.408688,0.028774,0.030888
PRT,1991,-0.122967,0.104482,0.056887
PRT,1992,-0.184680,0.077148,0.071679
PRT,1993,0.438931,0.090729,0.063333
PRT,1994,0.030569,-0.106259,0.056149
PRT,1995,-0.083514,0.200352,0.054626
PRT,1996,0.285823,0.244096,0.041383
PRT,1997,0.616901,0.127039,0.034653
PRT,1998,0.235085,0.147724,0.020477
PRT,1999,0.101771,-0.064693,0.007779
PRT,2000,-0.107196,0.050045,0.015431
PRT,2001,-0.224553,0.017397,-0.001416
PRT,2002,-0.234845,0.078866,-0.003689
PRT,2003,0.137157,0.016468,-0.008754
PRT,2004,0.151079,0.080055,-0.003935
PRT,2005,0.147433,0.042724,0.000536
PRT,2006,0.293332,-0.034052,0.000329
PRT,2007,0.155129,-0.008623,0.018110
PRT,2008,-0.510168,0.070828,0.019311
PRT,2009,0.412387,0.062219,0.021510
PRT,2010,-0.074981,-0.136445,-0.005721
PRT,2011,-0.231064,-0.336927,-0.020900
PRT,2012,0.047840,0.762372,-0.021434
PRT,2013,0.150954,0.117432,-0.002178
PRT,2014,-0.209951,0.345502,0.003701
PRT,2015,0.180059,0.047988,-0.005249
PRT,2016,-0.006337,-0.041464,-0.008940
PRT,2017,-0.013567,0.104894,-0.018563
PRT,2018,-0.012184,0.005749,-0.014722
PRT,2019,-0.000872,0.055238,-0.006542
PRT,2020,0.002509,-0.000751,-0.003041
SWE,1871,0.461725,0.047589,0.018335
SWE,1872,0.144582,0.021098,0.004714
SWE,1873,-0.068299,-0.040447,-0.030978
SWE,1874,-0.039969,0.007968,0.013793
SWE,1875,-0.005192,0.027629,0.056625
SWE,1876,0.019904,0.012828,0.046698
SWE,1877,0.050705,0.055845,0.055532
SWE,1878,0.069899,0.094112,0.123393
SWE,1879,0.048818,0.178742,0.117279
SWE,1880,0.097143,0.055025,-0.010158
SWE,1881,0.068376,0.020462,0.014493
SWE,1882,0.081100,0.057476,0.073729
SWE,1883,0.084725,0.052366,0.051020
SWE,1884,0.097949,0.071360,0.080847
SWE,1885,0.060335,0.103080,0.096136
SWE,1886,0.081600,0.124837,0.094561
SWE,1887,0.065840,0.079183,0.077376
SWE,1888,0.096590,0.041871,-0.004411
SWE,1889,0.114139,-0.003011,-0.013316
SWE,1890,-0.003469,-0.011277,0.017140
SWE,1891,0.013967,-0.037997,0.009758
SWE,1892,0.128760,0.050962,0.062126
SWE,1893,0.105467,0.114827,0.080594
SWE,1894,0.194040,0.134684,0.090570
SWE,1895,0.116452,0.022552,0.015909
SWE,1896,0.123348,0.055225,0.036191
SWE,1897,0.154363,0.004582,0.004000
SWE,1898,0.045999,-0.030929,-0.006318
SWE,1899,-0.023514,-0.048623,0.004572
SWE,1900,0.051933,0.000418,0.037791
SWE,1901,0.032256,0.096719,0.074231
SWE,1902,-0.006291,0.052045,0.032387
SWE,1903,0.079933,0.019725,0.023070
SWE,1904,0.127658,0.046136,0.053247
SWE,1905,0.123037,-0.015878,0.020392
SWE,1906,0.112074,-0.005775,0.024749
SWE,1907,-0.151807,-0.077953,-0.000873
SWE,1908,0.050927,0.073924,0.039387
SWE,1909,0.082052,0.075066,0.052009
SWE,1910,0.155405,0.005447,0.041000
SWE,1911,0.115522,-0.000816,0.011766
SWE,1912,0.099834,-0.012419,0.019863
SWE,1913,-0.002215,-0.036804,0.041827
SWE,1914,-0.245919,-0.057730,0.031429
SWE,1915,0.032791,-0.089587,-0.090396
SWE,1916,0.173191,-0.063145,-0.078231
SWE,1917,-0.203244,-0.201941,-0.170061
SWE,1918,-0.454720,-0.325497,-0.282755
SWE,1919,-0.245052,-0.033101,-0.049590
SWE,1920,-0.201332,-0.122473,0.034554
SWE,1921,-0.043006,0.542670,0.287557
SWE,1922,0.123847,0.447749,0.240723
SWE,1923,0.054746,0.093797,0.091310
SWE,1924,0.179156,0.014367,0.040000
SWE,1925,0.133129,0.078895,0.021390
SWE,1926,0.197763,0.096037,0.075456
SWE,1927,0.278923,0.093797,0.052308
SWE,1928,0.204121,0.019347,0.025860
SWE,1929,-0.003137,0.110592,0.059589
SWE,1930,-0.040534,0.173257,0.074370
SWE,1931,-0.324116,-0.078477,0.070025
SWE,1932,-0.209826,0.265849,0.052001
SWE,1933,0.222012,0.154939,0.055129
SWE,1934,0.287602,0.267630,0.013289
SWE,1935,0.080223,-0.082142,0.000258
SWE,1936,0.381630,0.116040,0.007006
SWE,1937,-0.036810,0.015774,-0.011481
SWE,1938,0.068581,0.217454,0.001455
SWE,1939,-0.221212,-0.344602,-0.010000
SWE,1940,-0.017260,-0.061558,-0.094244
SWE,1941,0.096088,0.036195,-0.094486
SWE,1942,0.072393,-0.039349,-0.040705
SWE,1943,0.113165,0.013193,0.020638
SWE,1944,0.158341,0.053715,0.029380
SWE,1945,0.105432,0.114372,0.024880
SWE,1946,0.137715,0.022723,0.015641
SWE,1947,-0.063087,-0.005855,-0.009627
SWE,1948,-0.097437,-0.041184,-0.036000
SWE,1949,0.137234,0.050367,0.016016
SWE,1950,0.265066,-0.056782,0.009625
SWE,1951,0.053355,-0.115694,-0.119079
SWE,1952,-0.170442,-0.088272,-0.039509
SWE,1953,0.176029,0.011392,0.023720
SWE,1954,0.374298,-0.028429,0.023758
SWE,1955,-0.052169,-0.062933,0.009372
SWE,1956,-0.023120,-0.043855,-0.009377
SWE,1957,0.037827,-0.021163,0.001011
SWE,1958,0.173156,0.011499,0.003537
SWE,1959,0.471596,0.030551,0.036982
SWE,1960,-0.002876,-0.032397,0.006225
SWE,1961,0.002380,0.011162,0.024838
SWE,1962,-0.094252,0.048315,-0.005321
SWE,1963,0.245396,-0.012945,0.017171
SWE,1964,0.163084,-0.026699,0.025524
SWE,1965,0.050633,-0.025808,0.010139
SWE,1966,-0.250134,-0.014470,0.001681
SWE,1967,0.039583,0.046039,0.023583
SWE,1968,0.366875,0.040235,0.033938
SWE,1969,0.027682,-0.033857,0.046511
SWE,1970,-0.243130,0.006516,0.005702
SWE,1971,0.181128,0.016397,-0.018038
SWE,1972,0.080638,0.004103,-0.004717
SWE,1973,-0.031161,0.009873,-0.011027
SWE,1974,-0.076445,-0.067649,-0.022123
SWE,1975,0.223855,-0.071343,-0.029853
SWE,1976,-0.049991,-0.040957,-0.016961
SWE,1977,-0.213789,-0.032337,-0.025491
SWE,1978,0.102511,-0.020552,-0.028083
SWE,1979,-0.032065,-0.028732,0.021773
SWE,1980,0.130587,-0.105461,-0.020756
SWE,1981,0.457608,0.001059,-0.003255
SWE,1982,0.292404,0.029681,0.024902
SWE,1983,0.554775,0.067105,0.007411
SWE,1984,-0.160962,0.055351,0.025443
SWE,1985,0.198890,0.033857,0.043206
SWE,1986,0.473802,0.197612,0.045767
SWE,1987,-0.097777,0.004498,0.043376
SWE,1988,0.468693,0.107930,0.034779
SWE,1989,0.194013,-0.044269,0.025659
SWE,1990,-0.360433,0.036162,-0.004981
SWE,1991,-0.006741,0.169109,-0.012454
SWE,1992,0.002621,0.087956,0.053868
SWE,1993,0.496776,0.238636,0.002837
SWE,1994,0.042566,-0.134818,0.024907
SWE,1995,0.176516,0.241054,0.033905
SWE,1996,0.419817,0.219679,0.018978
SWE,1997,0.272380,0.132371,0.018267
SWE,1998,0.132693,0.215573,0.019871
SWE,1999,0.689471,-0.059734,0.025811
SWE,2000,-0.116698,0.133048,0.029448
SWE,2001,-0.168718,-0.020550,0.015170
SWE,2002,-0.372538,0.095345,0.018735
SWE,2003,0.329258,0.019656,0.010802
SWE,2004,0.209052,0.118290,0.017336
SWE,2005,0.363657,0.099441,0.012450
SWE,2006,0.240995,-0.022163,0.009518
SWE,2007,-0.049061,-0.032026,0.013321
SWE,2008,-0.412887,0.207906,0.004494
SWE,2009,0.526600,-0.048467,0.006744
SWE,2010,0.248865,0.018259,-0.007652
SWE,2011,-0.159106,0.175112,-0.009375
SWE,2012,0.155483,0.015202,0.003710
SWE,2013,0.278207,-0.072836,0.009690
SWE,2014,0.158758,0.190230,0.005962
SWE,2015,0.102394,0.004729,-0.002456
SWE,2016,0.086025,0.051033,-0.016220
SWE,2017,0.088851,0.000238,-0.024464
SWE,2018,-0.058800,0.010160,-0.025901
SWE,2019,0.314931,0.039017,-0.021742
SWE,2020,0.159900,0.012965,-0.006233
USA,1872,0.132911,0.061485,0.060000
USA,1873,-0.043565,0.088530,0.082120
USA,1874,0.158070,0.116182,0.114125
USA,1875,0.067599,0.110186,0.100153
USA,1876,-0.091445,0.010784,0.084693
USA,1877,-0.016282,0.012776,0.085178
USA,1878,0.172864,0.107526,0.102589
USA,1879,0.484058,0.054793,0.050000
USA,1880,0.209547,0.100203,0.024348
USA,1881,0.083904,0.021618,0.040000
USA,1882,0.024958,0.065395,0.040000
USA,1883,-0.013100,0.068936,0.057149
USA,1884,-0.107038,0.047922,0.066485
USA,1885,0.275016,0.069235,0.057888
USA,1886,0.156891,0.066706,0.067657
USA,1887,-0.029842,0.004952,0.030898
USA,1888,0.018975,0.054683,0.040000
USA,1889,0.106882,0.039421,0.068041
USA,1890,-0.077299,0.001323,0.059153
USA,1891,0.223913,0.018934,0.040000
USA,1892,0.062847,0.012938,0.040000
USA,1893,-0.146452,0.038957,0.049607
USA,1894,0.072324,0.106539,0.090489
USA,1895,0.069557,0.027154,0.060545
USA,1896,0.018519,0.048863,0.040000
USA,1897,0.180043,0.060512,0.050501
USA,1898,0.231579,0.029604,0.040000
USA,1899,0.102655,0.052183,0.035000
USA,1900,0.179124,0.032606,0.024654
USA,1901,0.192011,-0.010933,0.029828
USA,1902,0.043878,0.009582,0.029926
USA,1903,-0.164741,-0.013769,0.005660
USA,1904,0.290744,0.001599,0.025350
USA,1905,0.207623,0.032291,0.049788
USA,1906,0.053544,0.010583,0.015878
USA,1907,-0.319126,-0.067577,-0.006021
USA,1908,0.461112,0.055804,0.058694
USA,1909,0.211273,0.031476,0.059153
USA,1910,-0.116270,-0.009461,-0.010399
USA,1911,0.058564,0.034621,0.035000
USA,1912,0.054530,-0.005990,0.008418
USA,1913,-0.106915,-0.007839,0.017645
USA,1914,-0.043246,0.000758,0.024650
USA,1915,0.334950,0.034559,0.024752
USA,1916,0.012620,-0.042838,-0.040963
USA,1917,-0.349163,-0.160412,-0.114375
USA,1918,0.055863,-0.125791,-0.118411
USA,1919,0.044084,-0.094851,-0.092254
USA,1920,-0.290157,-0.161942,-0.100400
USA,1921,0.274826,0.254842,0.162011
USA,1922,0.354073,0.137503,0.108095
USA,1923,0.016025,0.017805,0.021754
USA,1924,0.252632,0.064843,0.040000
USA,1925,0.256052,0.011434,0.016229
USA,1926,0.125183,0.041022,0.028249
USA,1927,0.374671,0.055108,0.057931
USA,1928,0.398686,0.031706,0.057835
USA,1929,-0.033693,0.034000,0.040736
USA,1930,-0.210983,0.068426,0.065271
USA,1931,-0.344048,0.042528,0.144271
USA,1932,-0.037742,0.302155,0.147976
USA,1933,0.608583,0.049593,0.086297
USA,1934,-0.055151,0.075669,-0.002860
USA,1935,0.427015,0.023478,0.000476
USA,1936,0.343878,0.055329,0.004658
USA,1937,-0.331208,-0.033361,-0.017004
USA,1938,0.223308,0.083180,0.039676
USA,1939,0.038369,0.072736,0.030897
USA,1940,-0.101051,0.054782,0.007267
USA,1941,-0.143490,-0.036739,-0.034680
USA,1942,0.040823,-0.080123,-0.087236
USA,1943,0.196550,-0.035191,-0.048586
USA,1944,0.176463,0.007528,-0.008156
USA,1945,0.342765,0.083348,-0.013292
USA,1946,-0.156287,-0.077963,-0.068234
USA,1947,-0.082792,-0.151234,-0.116750
USA,1948,-0.003901,-0.041929,-0.060328
USA,1949,0.175452,0.072109,0.020807
USA,1950,0.269443,-0.011259,0.000427
USA,1951,0.164254,-0.108087,-0.062515
USA,1952,0.146388,-0.011333,-0.009430
USA,1953,0.001613,0.028195,0.006571
USA,1954,0.465108,0.062844,0.011527
USA,1955,0.347765,-0.009618,0.018874
USA,1956,0.046509,-0.070996,0.003868
USA,1957,-0.122784,0.042122,-0.009451
USA,1958,0.333301,-0.076544,-0.001709
USA,1959,0.127832,-0.034633,0.019145
USA,1960,-0.019875,0.114744,0.014378
USA,1961,0.284839,0.000505,0.020001
USA,1962,-0.107651,0.064182,0.023664
USA,1963,0.205327,-0.018575,0.025066
USA,1964,0.150490,0.036555,0.025753
USA,1965,0.107457,-0.020337,0.027225
USA,1966,-0.108732,0.013697,0.024216
USA,1967,0.174955,-0.076859,0.021757
USA,1968,0.102922,-0.041862,0.015487
USA,1969,-0.160481,-0.104072,0.022039
USA,1970,-0.034007,0.078494,0.015871
USA,1971,0.089328,0.131810,0.007469
USA,1972,0.178041,0.022074,0.013487
USA,1973,-0.213802,-0.094976,0.020301
USA,1974,-0.328336,-0.076177,-0.006908
USA,1975,0.262000,-0.024116,-0.024784
USA,1976,0.159106,0.109323,-0.004789
USA,1977,-0.116473,-0.047563,-0.007784
USA,1978,0.001997,-0.098439,0.005498
USA,1979,0.078177,-0.101133,0.015913
USA,1980,0.165075,-0.128977,0.016799
USA,1981,-0.107281,-0.086878,0.059113
USA,1982,0.114217,0.285770,0.058771
USA,1983,0.179809,-0.028790,0.045990
USA,1984,0.004607,0.103960,0.059559
USA,1985,0.264784,0.250399,0.044611
USA,1986,0.217856,0.238000,0.046862
USA,1987,-0.028551,-0.063364,0.033070
USA,1988,0.146349,0.037199,0.039716
USA,1989,0.246274,0.133059,0.045157
USA,1990,-0.068208,0.004763,0.030653
USA,1991,0.176101,0.129514,0.021197
USA,1992,0.125221,0.046966,0.011661
USA,1993,0.071438,0.126004,0.006367
USA,1994,-0.015388,-0.094689,0.024890
USA,1995,0.347961,0.261119,0.034251
USA,1996,0.201626,-0.038764,0.026561
USA,1997,0.287829,0.119576,0.033811
USA,1998,0.236669,0.105880,0.040575
USA,1999,0.189222,-0.111550,0.031338
USA,2000,-0.087979,0.163870,0.029620
USA,2001,-0.152066,0.006349,0.008164
USA,2002,-0.213012,0.141054,0.001472
USA,2003,0.194029,-0.002433,-0.010953
USA,2004,0.098045,0.040925,-0.011084
USA,2005,0.035858,0.040782,0.001202
USA,2006,0.106156,-0.030869,0.018518
USA,2007,0.034575,0.056144,0.023653
USA,2008,-0.410204,0.200714,-0.008437
USA,2009,0.295345,-0.149247,0.009068
USA,2010,0.120104,0.083205,-0.013164
USA,2011,-0.008524,0.215086,-0.027619
USA,2012,0.144832,0.010889,-0.017974
USA,2013,0.276722,-0.145086,-0.012546
USA,2014,0.138880,0.223183,-0.015767
USA,2015,0.019274,-0.020544,-0.000422
USA,2016,0.023295,-0.010484,-0.008784
USA,2017,0.167909,0.003585,-0.011263
USA,2018,0.114898,-0.040527,-0.005932
USA,2019,0.062388,0.098760,0.003420
USA,2020,0.111479,0.104864,-0.008576
